/home/arise/Desktop/web_design/simulator.py:13: DeprecationWarning: Callback API version 1 is deprecated, update to latest version
  client = mqtt.Client()
🚀 Simulator running — publishing every 5s...

📡 [2026-04-18T02:59:47.015775] Published: {'temperature': 28.36, 'humidity': 58.07, 'co2': 454, 'ch4': 6, 'pressure': 1012, 'light': 850}
📡 [2026-04-18T02:59:52.016469] Published: {'temperature': 28.37, 'humidity': 87.37, 'co2': 916, 'ch4': 15, 'pressure': 1011, 'light': 814}
📡 [2026-04-18T02:59:57.017108] Published: {'temperature': 26.29, 'humidity': 55.27, 'co2': 1051, 'ch4': 2, 'pressure': 998, 'light': 892}
📡 [2026-04-18T03:00:02.017822] Published: {'temperature': 26.43, 'humidity': 81.07, 'co2': 664, 'ch4': 8, 'pressure': 990, 'light': 596}
📡 [2026-04-18T03:00:07.018670] Published: {'temperature': 29.58, 'humidity': 69.46, 'co2': 784, 'ch4': 4, 'pressure': 1025, 'light': 576}
📡 [2026-04-18T03:00:12.019537] Published: {'temperature': 25.6, 'humidity': 87.21, 'co2': 519, 'ch4': 13, 'pressure': 1014, 'light': 751}
📡 [2026-04-18T03:00:17.019889] Published: {'temperature': 25.09, 'humidity': 72.14, 'co2': 768, 'ch4': 5, 'pressure': 1004, 'light': 980}
📡 [2026-04-18T03:00:22.020386] Published: {'temperature': 24.25, 'humidity': 78.39, 'co2': 1088, 'ch4': 15, 'pressure': 994, 'light': 797}
📡 [2026-04-18T03:00:27.021518] Published: {'temperature': 28.31, 'humidity': 67.5, 'co2': 427, 'ch4': 13, 'pressure': 990, 'light': 752}
📡 [2026-04-18T03:00:32.022614] Published: {'temperature': 29.02, 'humidity': 60.22, 'co2': 710, 'ch4': 11, 'pressure': 1010, 'light': 304}
📡 [2026-04-18T03:00:37.023932] Published: {'temperature': 25.51, 'humidity': 67.72, 'co2': 499, 'ch4': 12, 'pressure': 1007, 'light': 284}
📡 [2026-04-18T03:00:42.025207] Published: {'temperature': 26.66, 'humidity': 81.92, 'co2': 388, 'ch4': 12, 'pressure': 1006, 'light': 381}
📡 [2026-04-18T03:00:47.026464] Published: {'temperature': 29.59, 'humidity': 56.62, 'co2': 514, 'ch4': 13, 'pressure': 997, 'light': 265}
📡 [2026-04-18T03:00:52.027200] Published: {'temperature': 25.24, 'humidity': 53.06, 'co2': 852, 'ch4': 2, 'pressure': 1004, 'light': 591}
📡 [2026-04-18T03:00:57.027878] Published: {'temperature': 27.37, 'humidity': 60.45, 'co2': 581, 'ch4': 13, 'pressure': 1000, 'light': 906}
📡 [2026-04-18T03:01:02.028678] Published: {'temperature': 26.83, 'humidity': 76.17, 'co2': 1049, 'ch4': 11, 'pressure': 1024, 'light': 857}
📡 [2026-04-18T03:01:07.029060] Published: {'temperature': 25.38, 'humidity': 68.54, 'co2': 480, 'ch4': 5, 'pressure': 998, 'light': 881}
📡 [2026-04-18T03:01:12.029901] Published: {'temperature': 27.99, 'humidity': 62.54, 'co2': 711, 'ch4': 7, 'pressure': 996, 'light': 352}
📡 [2026-04-18T03:01:17.030824] Published: {'temperature': 27.59, 'humidity': 67.92, 'co2': 827, 'ch4': 13, 'pressure': 997, 'light': 695}
📡 [2026-04-18T03:01:22.032055] Published: {'temperature': 27.67, 'humidity': 63.0, 'co2': 737, 'ch4': 5, 'pressure': 1022, 'light': 576}
📡 [2026-04-18T03:01:27.032988] Published: {'temperature': 28.39, 'humidity': 71.96, 'co2': 549, 'ch4': 4, 'pressure': 993, 'light': 698}
📡 [2026-04-18T03:01:32.033704] Published: {'temperature': 28.15, 'humidity': 88.16, 'co2': 1035, 'ch4': 11, 'pressure': 993, 'light': 309}
📡 [2026-04-18T03:01:37.034768] Published: {'temperature': 28.77, 'humidity': 53.62, 'co2': 498, 'ch4': 11, 'pressure': 992, 'light': 989}
📡 [2026-04-18T03:01:42.035556] Published: {'temperature': 28.14, 'humidity': 66.29, 'co2': 693, 'ch4': 15, 'pressure': 1018, 'light': 162}
📡 [2026-04-18T03:01:47.036363] Published: {'temperature': 24.59, 'humidity': 68.84, 'co2': 1018, 'ch4': 5, 'pressure': 1013, 'light': 656}
📡 [2026-04-18T03:01:52.037068] Published: {'temperature': 28.03, 'humidity': 75.82, 'co2': 732, 'ch4': 12, 'pressure': 1025, 'light': 750}
📡 [2026-04-18T03:01:57.038207] Published: {'temperature': 29.87, 'humidity': 63.11, 'co2': 892, 'ch4': 2, 'pressure': 1013, 'light': 716}
📡 [2026-04-18T03:02:02.039096] Published: {'temperature': 28.92, 'humidity': 79.06, 'co2': 1026, 'ch4': 14, 'pressure': 998, 'light': 387}
📡 [2026-04-18T03:02:07.039919] Published: {'temperature': 24.39, 'humidity': 54.47, 'co2': 453, 'ch4': 3, 'pressure': 992, 'light': 848}
📡 [2026-04-18T03:02:12.040692] Published: {'temperature': 29.77, 'humidity': 63.95, 'co2': 648, 'ch4': 8, 'pressure': 1018, 'light': 707}
📡 [2026-04-18T03:02:17.041563] Published: {'temperature': 29.89, 'humidity': 58.66, 'co2': 568, 'ch4': 15, 'pressure': 999, 'light': 542}
📡 [2026-04-18T03:02:22.042681] Published: {'temperature': 24.25, 'humidity': 82.33, 'co2': 1060, 'ch4': 2, 'pressure': 999, 'light': 271}
📡 [2026-04-18T03:02:27.043810] Published: {'temperature': 24.64, 'humidity': 89.11, 'co2': 401, 'ch4': 4, 'pressure': 1002, 'light': 262}
📡 [2026-04-18T03:02:32.044709] Published: {'temperature': 28.22, 'humidity': 72.04, 'co2': 673, 'ch4': 3, 'pressure': 1025, 'light': 780}
📡 [2026-04-18T03:02:37.046211] Published: {'temperature': 24.64, 'humidity': 62.86, 'co2': 797, 'ch4': 11, 'pressure': 1006, 'light': 696}
📡 [2026-04-18T03:02:42.047224] Published: {'temperature': 29.91, 'humidity': 62.8, 'co2': 562, 'ch4': 14, 'pressure': 997, 'light': 489}
📡 [2026-04-18T03:02:47.048268] Published: {'temperature': 26.89, 'humidity': 62.17, 'co2': 806, 'ch4': 8, 'pressure': 1015, 'light': 529}
📡 [2026-04-18T03:02:52.049340] Published: {'temperature': 26.37, 'humidity': 72.27, 'co2': 984, 'ch4': 8, 'pressure': 1019, 'light': 366}
📡 [2026-04-18T03:02:57.050360] Published: {'temperature': 25.56, 'humidity': 59.27, 'co2': 583, 'ch4': 2, 'pressure': 1025, 'light': 477}
📡 [2026-04-18T03:03:02.051336] Published: {'temperature': 28.16, 'humidity': 78.12, 'co2': 933, 'ch4': 4, 'pressure': 1014, 'light': 603}
📡 [2026-04-18T03:03:07.052135] Published: {'temperature': 28.44, 'humidity': 52.02, 'co2': 927, 'ch4': 3, 'pressure': 1023, 'light': 729}
📡 [2026-04-18T03:03:12.053064] Published: {'temperature': 25.93, 'humidity': 86.35, 'co2': 631, 'ch4': 10, 'pressure': 1010, 'light': 147}
📡 [2026-04-18T03:03:17.053561] Published: {'temperature': 24.27, 'humidity': 70.46, 'co2': 829, 'ch4': 8, 'pressure': 991, 'light': 376}
📡 [2026-04-18T03:03:22.055327] Published: {'temperature': 28.03, 'humidity': 65.14, 'co2': 871, 'ch4': 8, 'pressure': 1003, 'light': 139}
📡 [2026-04-18T03:03:27.056407] Published: {'temperature': 25.66, 'humidity': 67.56, 'co2': 661, 'ch4': 10, 'pressure': 1018, 'light': 938}
📡 [2026-04-18T03:03:32.057703] Published: {'temperature': 29.39, 'humidity': 65.21, 'co2': 815, 'ch4': 2, 'pressure': 1018, 'light': 195}
📡 [2026-04-18T03:03:37.058636] Published: {'temperature': 29.27, 'humidity': 72.13, 'co2': 951, 'ch4': 4, 'pressure': 1001, 'light': 757}
📡 [2026-04-18T03:03:42.060531] Published: {'temperature': 28.98, 'humidity': 88.77, 'co2': 430, 'ch4': 8, 'pressure': 1021, 'light': 904}
📡 [2026-04-18T03:03:47.061586] Published: {'temperature': 24.56, 'humidity': 79.74, 'co2': 559, 'ch4': 13, 'pressure': 1023, 'light': 653}
📡 [2026-04-18T03:03:52.062615] Published: {'temperature': 26.93, 'humidity': 81.23, 'co2': 738, 'ch4': 15, 'pressure': 1009, 'light': 245}
📡 [2026-04-18T03:03:57.063656] Published: {'temperature': 29.49, 'humidity': 73.34, 'co2': 892, 'ch4': 3, 'pressure': 994, 'light': 475}
📡 [2026-04-18T03:04:02.065298] Published: {'temperature': 26.18, 'humidity': 58.3, 'co2': 542, 'ch4': 13, 'pressure': 995, 'light': 296}
📡 [2026-04-18T03:04:07.066312] Published: {'temperature': 24.24, 'humidity': 79.68, 'co2': 895, 'ch4': 5, 'pressure': 999, 'light': 973}
📡 [2026-04-18T03:04:12.067348] Published: {'temperature': 29.87, 'humidity': 72.42, 'co2': 664, 'ch4': 10, 'pressure': 1018, 'light': 822}
📡 [2026-04-18T03:04:17.068707] Published: {'temperature': 29.59, 'humidity': 70.03, 'co2': 829, 'ch4': 4, 'pressure': 990, 'light': 332}
📡 [2026-04-18T03:04:22.070283] Published: {'temperature': 26.51, 'humidity': 71.78, 'co2': 756, 'ch4': 10, 'pressure': 1005, 'light': 350}
📡 [2026-04-18T03:04:27.071429] Published: {'temperature': 29.03, 'humidity': 74.25, 'co2': 775, 'ch4': 2, 'pressure': 1011, 'light': 482}
📡 [2026-04-18T03:04:32.072732] Published: {'temperature': 26.68, 'humidity': 66.51, 'co2': 858, 'ch4': 12, 'pressure': 1014, 'light': 335}
📡 [2026-04-18T03:04:37.074080] Published: {'temperature': 26.04, 'humidity': 57.87, 'co2': 597, 'ch4': 9, 'pressure': 1016, 'light': 429}
📡 [2026-04-18T03:04:42.075079] Published: {'temperature': 29.27, 'humidity': 57.76, 'co2': 825, 'ch4': 3, 'pressure': 996, 'light': 432}
📡 [2026-04-18T03:04:47.075759] Published: {'temperature': 24.63, 'humidity': 80.3, 'co2': 997, 'ch4': 14, 'pressure': 993, 'light': 573}
📡 [2026-04-18T03:04:52.076401] Published: {'temperature': 26.09, 'humidity': 54.23, 'co2': 736, 'ch4': 8, 'pressure': 993, 'light': 807}
📡 [2026-04-18T03:04:57.077761] Published: {'temperature': 24.79, 'humidity': 57.65, 'co2': 755, 'ch4': 9, 'pressure': 1015, 'light': 678}
📡 [2026-04-18T03:05:02.078971] Published: {'temperature': 24.07, 'humidity': 79.72, 'co2': 495, 'ch4': 10, 'pressure': 1002, 'light': 334}
📡 [2026-04-18T03:05:07.080002] Published: {'temperature': 24.59, 'humidity': 75.14, 'co2': 529, 'ch4': 6, 'pressure': 990, 'light': 696}
📡 [2026-04-18T03:05:12.081157] Published: {'temperature': 26.14, 'humidity': 83.46, 'co2': 370, 'ch4': 1, 'pressure': 1008, 'light': 415}
📡 [2026-04-18T03:05:17.082199] Published: {'temperature': 29.24, 'humidity': 62.46, 'co2': 402, 'ch4': 9, 'pressure': 1003, 'light': 113}
📡 [2026-04-18T03:05:22.083426] Published: {'temperature': 28.51, 'humidity': 59.67, 'co2': 446, 'ch4': 13, 'pressure': 1009, 'light': 958}
📡 [2026-04-18T03:05:27.084752] Published: {'temperature': 29.62, 'humidity': 89.32, 'co2': 1038, 'ch4': 4, 'pressure': 1010, 'light': 919}
📡 [2026-04-18T03:05:32.085619] Published: {'temperature': 26.08, 'humidity': 53.65, 'co2': 707, 'ch4': 8, 'pressure': 998, 'light': 206}
📡 [2026-04-18T03:05:37.086713] Published: {'temperature': 26.36, 'humidity': 86.97, 'co2': 766, 'ch4': 14, 'pressure': 995, 'light': 909}
📡 [2026-04-18T03:05:42.087242] Published: {'temperature': 24.17, 'humidity': 76.24, 'co2': 420, 'ch4': 2, 'pressure': 1003, 'light': 713}
📡 [2026-04-18T03:05:47.088432] Published: {'temperature': 27.19, 'humidity': 75.1, 'co2': 505, 'ch4': 8, 'pressure': 1023, 'light': 936}
📡 [2026-04-18T03:05:52.089575] Published: {'temperature': 25.29, 'humidity': 76.47, 'co2': 547, 'ch4': 2, 'pressure': 992, 'light': 603}
📡 [2026-04-18T03:05:57.090848] Published: {'temperature': 29.91, 'humidity': 52.07, 'co2': 675, 'ch4': 12, 'pressure': 992, 'light': 398}
📡 [2026-04-18T03:06:02.091848] Published: {'temperature': 29.68, 'humidity': 53.32, 'co2': 914, 'ch4': 7, 'pressure': 1019, 'light': 410}
📡 [2026-04-18T03:06:07.092983] Published: {'temperature': 29.36, 'humidity': 82.82, 'co2': 583, 'ch4': 8, 'pressure': 1018, 'light': 156}
📡 [2026-04-18T03:06:12.094061] Published: {'temperature': 29.73, 'humidity': 51.71, 'co2': 439, 'ch4': 5, 'pressure': 1020, 'light': 877}
📡 [2026-04-18T03:06:17.095213] Published: {'temperature': 24.86, 'humidity': 54.42, 'co2': 553, 'ch4': 10, 'pressure': 1007, 'light': 500}
📡 [2026-04-18T03:06:22.096510] Published: {'temperature': 26.5, 'humidity': 77.37, 'co2': 1054, 'ch4': 15, 'pressure': 992, 'light': 667}
📡 [2026-04-18T03:06:27.097402] Published: {'temperature': 28.34, 'humidity': 82.56, 'co2': 829, 'ch4': 2, 'pressure': 993, 'light': 290}
📡 [2026-04-18T03:06:32.098401] Published: {'temperature': 25.1, 'humidity': 67.5, 'co2': 790, 'ch4': 7, 'pressure': 1015, 'light': 882}
📡 [2026-04-18T03:06:37.099732] Published: {'temperature': 29.54, 'humidity': 77.66, 'co2': 1043, 'ch4': 15, 'pressure': 997, 'light': 286}
📡 [2026-04-18T03:06:42.100669] Published: {'temperature': 29.86, 'humidity': 60.55, 'co2': 477, 'ch4': 6, 'pressure': 1019, 'light': 581}
📡 [2026-04-18T03:06:47.101882] Published: {'temperature': 26.95, 'humidity': 75.12, 'co2': 571, 'ch4': 2, 'pressure': 993, 'light': 875}
📡 [2026-04-18T03:06:52.103060] Published: {'temperature': 28.15, 'humidity': 68.03, 'co2': 578, 'ch4': 1, 'pressure': 1020, 'light': 734}
📡 [2026-04-18T03:06:57.104359] Published: {'temperature': 28.53, 'humidity': 86.82, 'co2': 606, 'ch4': 13, 'pressure': 1010, 'light': 624}
📡 [2026-04-18T03:07:02.105906] Published: {'temperature': 28.18, 'humidity': 68.15, 'co2': 466, 'ch4': 14, 'pressure': 1019, 'light': 542}
📡 [2026-04-18T03:07:07.106572] Published: {'temperature': 25.5, 'humidity': 62.16, 'co2': 1095, 'ch4': 12, 'pressure': 1022, 'light': 133}
📡 [2026-04-18T03:07:12.107512] Published: {'temperature': 28.18, 'humidity': 62.39, 'co2': 559, 'ch4': 6, 'pressure': 991, 'light': 568}
📡 [2026-04-18T03:07:17.108588] Published: {'temperature': 25.6, 'humidity': 75.77, 'co2': 996, 'ch4': 8, 'pressure': 1003, 'light': 817}
📡 [2026-04-18T03:07:22.109665] Published: {'temperature': 27.78, 'humidity': 64.98, 'co2': 685, 'ch4': 4, 'pressure': 1017, 'light': 743}
📡 [2026-04-18T03:07:27.110827] Published: {'temperature': 26.05, 'humidity': 74.66, 'co2': 999, 'ch4': 15, 'pressure': 1011, 'light': 609}
📡 [2026-04-18T03:07:32.112484] Published: {'temperature': 25.42, 'humidity': 59.06, 'co2': 1080, 'ch4': 12, 'pressure': 1006, 'light': 186}
📡 [2026-04-18T03:07:37.113765] Published: {'temperature': 28.01, 'humidity': 88.32, 'co2': 389, 'ch4': 13, 'pressure': 1003, 'light': 642}
📡 [2026-04-18T03:07:42.115968] Published: {'temperature': 25.2, 'humidity': 69.48, 'co2': 1020, 'ch4': 11, 'pressure': 997, 'light': 841}
📡 [2026-04-18T03:07:47.117611] Published: {'temperature': 24.75, 'humidity': 88.8, 'co2': 716, 'ch4': 7, 'pressure': 1009, 'light': 235}
📡 [2026-04-18T03:07:52.118897] Published: {'temperature': 24.62, 'humidity': 65.62, 'co2': 687, 'ch4': 11, 'pressure': 1006, 'light': 380}
📡 [2026-04-18T03:07:57.120074] Published: {'temperature': 24.69, 'humidity': 80.42, 'co2': 796, 'ch4': 10, 'pressure': 1010, 'light': 523}
📡 [2026-04-18T03:08:02.120892] Published: {'temperature': 24.52, 'humidity': 61.29, 'co2': 950, 'ch4': 3, 'pressure': 997, 'light': 862}
📡 [2026-04-18T03:08:07.121899] Published: {'temperature': 28.75, 'humidity': 59.74, 'co2': 607, 'ch4': 10, 'pressure': 999, 'light': 516}
📡 [2026-04-18T03:08:12.123223] Published: {'temperature': 25.19, 'humidity': 62.9, 'co2': 1079, 'ch4': 3, 'pressure': 1009, 'light': 646}
📡 [2026-04-18T03:08:17.124222] Published: {'temperature': 29.43, 'humidity': 83.59, 'co2': 946, 'ch4': 4, 'pressure': 1025, 'light': 666}
📡 [2026-04-18T03:08:22.125284] Published: {'temperature': 29.86, 'humidity': 59.67, 'co2': 757, 'ch4': 13, 'pressure': 1020, 'light': 148}
📡 [2026-04-18T03:08:27.125958] Published: {'temperature': 28.88, 'humidity': 88.71, 'co2': 600, 'ch4': 5, 'pressure': 1021, 'light': 480}
📡 [2026-04-18T03:08:32.127442] Published: {'temperature': 26.81, 'humidity': 60.98, 'co2': 594, 'ch4': 15, 'pressure': 1024, 'light': 539}
📡 [2026-04-18T03:08:37.128423] Published: {'temperature': 27.76, 'humidity': 79.26, 'co2': 1027, 'ch4': 2, 'pressure': 994, 'light': 295}
📡 [2026-04-18T03:08:42.129011] Published: {'temperature': 29.33, 'humidity': 85.81, 'co2': 829, 'ch4': 8, 'pressure': 1010, 'light': 655}
📡 [2026-04-18T03:08:47.130207] Published: {'temperature': 27.86, 'humidity': 78.46, 'co2': 1002, 'ch4': 6, 'pressure': 992, 'light': 195}
📡 [2026-04-18T03:08:52.131322] Published: {'temperature': 28.01, 'humidity': 59.98, 'co2': 777, 'ch4': 1, 'pressure': 1016, 'light': 375}
📡 [2026-04-18T03:08:57.132579] Published: {'temperature': 27.68, 'humidity': 69.98, 'co2': 1088, 'ch4': 5, 'pressure': 1024, 'light': 233}
📡 [2026-04-18T03:09:02.133647] Published: {'temperature': 26.7, 'humidity': 76.56, 'co2': 728, 'ch4': 5, 'pressure': 1016, 'light': 487}
📡 [2026-04-18T03:09:07.134704] Published: {'temperature': 28.87, 'humidity': 80.03, 'co2': 526, 'ch4': 11, 'pressure': 1008, 'light': 453}
📡 [2026-04-18T03:09:12.135931] Published: {'temperature': 27.27, 'humidity': 77.23, 'co2': 630, 'ch4': 8, 'pressure': 1001, 'light': 103}
📡 [2026-04-18T03:09:17.137105] Published: {'temperature': 27.69, 'humidity': 61.72, 'co2': 376, 'ch4': 2, 'pressure': 1000, 'light': 837}
📡 [2026-04-18T03:09:22.137646] Published: {'temperature': 29.2, 'humidity': 84.52, 'co2': 1046, 'ch4': 7, 'pressure': 995, 'light': 263}
📡 [2026-04-18T03:09:27.138868] Published: {'temperature': 28.03, 'humidity': 79.01, 'co2': 428, 'ch4': 9, 'pressure': 1011, 'light': 947}
📡 [2026-04-18T03:09:32.140452] Published: {'temperature': 29.25, 'humidity': 77.54, 'co2': 525, 'ch4': 15, 'pressure': 1022, 'light': 746}
📡 [2026-04-18T03:09:37.141518] Published: {'temperature': 29.06, 'humidity': 74.45, 'co2': 637, 'ch4': 5, 'pressure': 1024, 'light': 550}
📡 [2026-04-18T03:09:42.142024] Published: {'temperature': 27.47, 'humidity': 79.53, 'co2': 392, 'ch4': 7, 'pressure': 1009, 'light': 361}
📡 [2026-04-18T03:09:47.143098] Published: {'temperature': 24.16, 'humidity': 56.79, 'co2': 927, 'ch4': 12, 'pressure': 1010, 'light': 657}
📡 [2026-04-18T03:09:52.144129] Published: {'temperature': 24.91, 'humidity': 71.46, 'co2': 412, 'ch4': 6, 'pressure': 1011, 'light': 449}
📡 [2026-04-18T03:09:57.145225] Published: {'temperature': 24.9, 'humidity': 88.32, 'co2': 465, 'ch4': 13, 'pressure': 991, 'light': 212}
📡 [2026-04-18T03:10:02.146135] Published: {'temperature': 27.33, 'humidity': 68.93, 'co2': 626, 'ch4': 7, 'pressure': 1021, 'light': 374}
📡 [2026-04-18T03:10:07.147278] Published: {'temperature': 27.8, 'humidity': 76.36, 'co2': 747, 'ch4': 13, 'pressure': 995, 'light': 519}
📡 [2026-04-18T03:10:12.148856] Published: {'temperature': 24.93, 'humidity': 76.73, 'co2': 427, 'ch4': 5, 'pressure': 1011, 'light': 297}
📡 [2026-04-18T03:10:17.149701] Published: {'temperature': 26.88, 'humidity': 66.84, 'co2': 655, 'ch4': 3, 'pressure': 997, 'light': 361}
📡 [2026-04-18T03:10:22.150887] Published: {'temperature': 27.54, 'humidity': 87.46, 'co2': 1071, 'ch4': 4, 'pressure': 991, 'light': 112}
📡 [2026-04-18T03:10:27.152019] Published: {'temperature': 27.98, 'humidity': 54.95, 'co2': 934, 'ch4': 2, 'pressure': 996, 'light': 158}
📡 [2026-04-18T03:10:32.153548] Published: {'temperature': 27.17, 'humidity': 63.25, 'co2': 529, 'ch4': 7, 'pressure': 995, 'light': 388}
📡 [2026-04-18T03:10:37.154738] Published: {'temperature': 28.22, 'humidity': 86.94, 'co2': 964, 'ch4': 10, 'pressure': 1016, 'light': 908}
📡 [2026-04-18T03:10:42.155866] Published: {'temperature': 27.2, 'humidity': 56.34, 'co2': 631, 'ch4': 4, 'pressure': 1002, 'light': 495}
📡 [2026-04-18T03:10:47.156621] Published: {'temperature': 29.87, 'humidity': 76.59, 'co2': 877, 'ch4': 6, 'pressure': 1006, 'light': 502}
📡 [2026-04-18T03:10:52.157592] Published: {'temperature': 29.85, 'humidity': 60.31, 'co2': 386, 'ch4': 12, 'pressure': 1021, 'light': 665}
📡 [2026-04-18T03:10:57.158440] Published: {'temperature': 28.17, 'humidity': 57.77, 'co2': 879, 'ch4': 4, 'pressure': 1021, 'light': 520}
📡 [2026-04-18T03:11:02.159031] Published: {'temperature': 24.67, 'humidity': 77.57, 'co2': 992, 'ch4': 4, 'pressure': 992, 'light': 153}
📡 [2026-04-18T03:11:07.160557] Published: {'temperature': 25.16, 'humidity': 84.88, 'co2': 751, 'ch4': 13, 'pressure': 1008, 'light': 558}
📡 [2026-04-18T03:11:12.161905] Published: {'temperature': 29.74, 'humidity': 87.64, 'co2': 871, 'ch4': 2, 'pressure': 998, 'light': 463}
📡 [2026-04-18T03:11:17.163279] Published: {'temperature': 29.54, 'humidity': 70.81, 'co2': 663, 'ch4': 1, 'pressure': 994, 'light': 459}
📡 [2026-04-18T03:11:22.164583] Published: {'temperature': 27.53, 'humidity': 58.09, 'co2': 847, 'ch4': 7, 'pressure': 997, 'light': 769}
📡 [2026-04-18T03:11:27.165482] Published: {'temperature': 24.55, 'humidity': 83.09, 'co2': 887, 'ch4': 15, 'pressure': 1015, 'light': 857}
📡 [2026-04-18T03:11:32.166482] Published: {'temperature': 29.56, 'humidity': 69.66, 'co2': 377, 'ch4': 15, 'pressure': 1025, 'light': 751}
📡 [2026-04-18T03:11:37.167571] Published: {'temperature': 27.32, 'humidity': 77.24, 'co2': 624, 'ch4': 4, 'pressure': 990, 'light': 307}
📡 [2026-04-18T03:11:42.168937] Published: {'temperature': 27.88, 'humidity': 66.17, 'co2': 379, 'ch4': 14, 'pressure': 1024, 'light': 146}
📡 [2026-04-18T03:11:47.170477] Published: {'temperature': 24.76, 'humidity': 81.72, 'co2': 914, 'ch4': 5, 'pressure': 997, 'light': 383}
📡 [2026-04-18T03:11:52.171522] Published: {'temperature': 24.96, 'humidity': 64.65, 'co2': 861, 'ch4': 14, 'pressure': 990, 'light': 282}
📡 [2026-04-18T03:11:57.172448] Published: {'temperature': 29.66, 'humidity': 69.25, 'co2': 538, 'ch4': 10, 'pressure': 994, 'light': 109}
📡 [2026-04-18T03:12:02.173942] Published: {'temperature': 25.32, 'humidity': 86.32, 'co2': 937, 'ch4': 13, 'pressure': 990, 'light': 256}
📡 [2026-04-18T03:12:07.174960] Published: {'temperature': 29.42, 'humidity': 89.18, 'co2': 984, 'ch4': 11, 'pressure': 1001, 'light': 633}
📡 [2026-04-18T03:12:12.175983] Published: {'temperature': 24.9, 'humidity': 60.02, 'co2': 820, 'ch4': 6, 'pressure': 1021, 'light': 294}
📡 [2026-04-18T03:12:17.176852] Published: {'temperature': 29.54, 'humidity': 69.26, 'co2': 525, 'ch4': 14, 'pressure': 990, 'light': 312}
📡 [2026-04-18T03:12:22.177426] Published: {'temperature': 27.13, 'humidity': 53.75, 'co2': 981, 'ch4': 13, 'pressure': 1022, 'light': 322}
📡 [2026-04-18T03:12:27.178024] Published: {'temperature': 29.26, 'humidity': 88.22, 'co2': 901, 'ch4': 11, 'pressure': 1022, 'light': 908}
📡 [2026-04-18T03:12:32.179908] Published: {'temperature': 29.95, 'humidity': 50.82, 'co2': 382, 'ch4': 5, 'pressure': 1001, 'light': 784}
📡 [2026-04-18T03:12:37.180786] Published: {'temperature': 25.87, 'humidity': 80.78, 'co2': 461, 'ch4': 4, 'pressure': 1020, 'light': 363}
📡 [2026-04-18T03:12:42.181609] Published: {'temperature': 25.15, 'humidity': 89.98, 'co2': 1040, 'ch4': 15, 'pressure': 1014, 'light': 145}
📡 [2026-04-18T03:12:47.182575] Published: {'temperature': 29.33, 'humidity': 54.57, 'co2': 408, 'ch4': 10, 'pressure': 996, 'light': 425}
📡 [2026-04-18T03:12:52.182942] Published: {'temperature': 26.26, 'humidity': 67.9, 'co2': 439, 'ch4': 5, 'pressure': 1014, 'light': 583}
📡 [2026-04-18T03:12:57.184030] Published: {'temperature': 25.98, 'humidity': 59.02, 'co2': 779, 'ch4': 9, 'pressure': 1025, 'light': 368}
📡 [2026-04-18T03:13:02.185056] Published: {'temperature': 25.08, 'humidity': 68.05, 'co2': 383, 'ch4': 8, 'pressure': 1016, 'light': 276}
📡 [2026-04-18T03:13:07.185891] Published: {'temperature': 25.98, 'humidity': 83.26, 'co2': 365, 'ch4': 1, 'pressure': 1018, 'light': 853}
📡 [2026-04-18T03:13:12.186769] Published: {'temperature': 24.09, 'humidity': 61.08, 'co2': 499, 'ch4': 6, 'pressure': 1017, 'light': 481}
📡 [2026-04-18T03:13:17.187812] Published: {'temperature': 25.27, 'humidity': 84.33, 'co2': 685, 'ch4': 6, 'pressure': 1009, 'light': 701}
📡 [2026-04-18T03:13:22.188835] Published: {'temperature': 24.82, 'humidity': 69.22, 'co2': 581, 'ch4': 1, 'pressure': 1004, 'light': 751}
📡 [2026-04-18T03:13:27.189525] Published: {'temperature': 25.11, 'humidity': 68.83, 'co2': 794, 'ch4': 5, 'pressure': 1009, 'light': 217}
📡 [2026-04-18T03:13:32.190646] Published: {'temperature': 27.33, 'humidity': 54.37, 'co2': 814, 'ch4': 3, 'pressure': 1012, 'light': 663}
📡 [2026-04-18T03:13:37.192580] Published: {'temperature': 28.25, 'humidity': 69.85, 'co2': 865, 'ch4': 13, 'pressure': 1016, 'light': 701}
📡 [2026-04-18T03:13:42.194111] Published: {'temperature': 29.93, 'humidity': 69.2, 'co2': 747, 'ch4': 15, 'pressure': 1021, 'light': 686}
📡 [2026-04-18T03:13:47.195832] Published: {'temperature': 29.81, 'humidity': 74.41, 'co2': 924, 'ch4': 4, 'pressure': 994, 'light': 258}
📡 [2026-04-18T03:13:52.196726] Published: {'temperature': 26.17, 'humidity': 58.93, 'co2': 694, 'ch4': 6, 'pressure': 1013, 'light': 881}
📡 [2026-04-18T03:13:57.197586] Published: {'temperature': 25.08, 'humidity': 73.0, 'co2': 649, 'ch4': 12, 'pressure': 1011, 'light': 212}
📡 [2026-04-18T03:14:02.198568] Published: {'temperature': 25.62, 'humidity': 80.0, 'co2': 1050, 'ch4': 15, 'pressure': 1022, 'light': 430}
📡 [2026-04-18T03:14:07.199500] Published: {'temperature': 28.95, 'humidity': 81.09, 'co2': 1021, 'ch4': 7, 'pressure': 1007, 'light': 259}
📡 [2026-04-18T03:14:12.200545] Published: {'temperature': 28.42, 'humidity': 61.34, 'co2': 561, 'ch4': 3, 'pressure': 996, 'light': 653}
📡 [2026-04-18T03:14:17.201464] Published: {'temperature': 26.04, 'humidity': 77.0, 'co2': 972, 'ch4': 6, 'pressure': 1003, 'light': 239}
📡 [2026-04-18T03:14:22.202726] Published: {'temperature': 25.56, 'humidity': 68.44, 'co2': 813, 'ch4': 11, 'pressure': 1018, 'light': 436}
📡 [2026-04-18T03:14:27.203845] Published: {'temperature': 27.87, 'humidity': 53.43, 'co2': 360, 'ch4': 1, 'pressure': 994, 'light': 721}
📡 [2026-04-18T03:14:32.204862] Published: {'temperature': 24.89, 'humidity': 80.95, 'co2': 894, 'ch4': 5, 'pressure': 1016, 'light': 336}
📡 [2026-04-18T03:14:37.205965] Published: {'temperature': 25.91, 'humidity': 60.89, 'co2': 636, 'ch4': 14, 'pressure': 1006, 'light': 849}
📡 [2026-04-18T03:14:42.206761] Published: {'temperature': 28.07, 'humidity': 55.73, 'co2': 453, 'ch4': 3, 'pressure': 1001, 'light': 160}
📡 [2026-04-18T03:14:47.207644] Published: {'temperature': 27.54, 'humidity': 88.13, 'co2': 1001, 'ch4': 3, 'pressure': 1012, 'light': 343}
📡 [2026-04-18T03:14:52.208875] Published: {'temperature': 28.67, 'humidity': 78.62, 'co2': 766, 'ch4': 13, 'pressure': 1011, 'light': 854}
📡 [2026-04-18T03:14:57.209543] Published: {'temperature': 29.77, 'humidity': 82.85, 'co2': 1009, 'ch4': 10, 'pressure': 1016, 'light': 282}
📡 [2026-04-18T03:15:02.210441] Published: {'temperature': 25.07, 'humidity': 56.56, 'co2': 771, 'ch4': 1, 'pressure': 1001, 'light': 563}
📡 [2026-04-18T03:15:07.211044] Published: {'temperature': 27.74, 'humidity': 72.75, 'co2': 564, 'ch4': 1, 'pressure': 995, 'light': 522}
📡 [2026-04-18T03:15:12.212220] Published: {'temperature': 26.74, 'humidity': 57.16, 'co2': 501, 'ch4': 11, 'pressure': 1013, 'light': 631}
📡 [2026-04-18T03:15:17.212884] Published: {'temperature': 28.11, 'humidity': 53.48, 'co2': 505, 'ch4': 11, 'pressure': 1011, 'light': 154}
📡 [2026-04-18T03:15:22.214192] Published: {'temperature': 28.31, 'humidity': 82.99, 'co2': 562, 'ch4': 4, 'pressure': 1015, 'light': 694}
📡 [2026-04-18T03:15:27.214956] Published: {'temperature': 27.15, 'humidity': 77.08, 'co2': 580, 'ch4': 2, 'pressure': 1024, 'light': 824}
📡 [2026-04-18T03:15:32.216275] Published: {'temperature': 24.51, 'humidity': 54.96, 'co2': 1090, 'ch4': 9, 'pressure': 1021, 'light': 853}
📡 [2026-04-18T03:15:37.216987] Published: {'temperature': 25.78, 'humidity': 74.76, 'co2': 790, 'ch4': 1, 'pressure': 1025, 'light': 171}
📡 [2026-04-18T03:15:42.218014] Published: {'temperature': 28.21, 'humidity': 81.42, 'co2': 509, 'ch4': 15, 'pressure': 1012, 'light': 315}
📡 [2026-04-18T03:15:47.218926] Published: {'temperature': 26.93, 'humidity': 57.86, 'co2': 1063, 'ch4': 2, 'pressure': 1021, 'light': 341}
📡 [2026-04-18T03:15:52.219685] Published: {'temperature': 29.59, 'humidity': 80.71, 'co2': 660, 'ch4': 13, 'pressure': 1017, 'light': 209}
📡 [2026-04-18T03:15:57.220417] Published: {'temperature': 29.95, 'humidity': 60.0, 'co2': 755, 'ch4': 7, 'pressure': 1018, 'light': 738}
📡 [2026-04-18T03:16:02.221016] Published: {'temperature': 25.06, 'humidity': 54.96, 'co2': 556, 'ch4': 9, 'pressure': 995, 'light': 904}
📡 [2026-04-18T03:16:07.221390] Published: {'temperature': 29.37, 'humidity': 82.18, 'co2': 462, 'ch4': 12, 'pressure': 1012, 'light': 138}
📡 [2026-04-18T03:16:12.222196] Published: {'temperature': 27.25, 'humidity': 50.49, 'co2': 762, 'ch4': 9, 'pressure': 1017, 'light': 870}
📡 [2026-04-18T03:16:17.222928] Published: {'temperature': 28.66, 'humidity': 72.88, 'co2': 483, 'ch4': 13, 'pressure': 1005, 'light': 340}
📡 [2026-04-18T03:16:22.223772] Published: {'temperature': 25.08, 'humidity': 88.18, 'co2': 496, 'ch4': 11, 'pressure': 1012, 'light': 470}
📡 [2026-04-18T03:16:27.224705] Published: {'temperature': 25.33, 'humidity': 51.65, 'co2': 733, 'ch4': 13, 'pressure': 995, 'light': 751}
📡 [2026-04-18T03:16:32.226107] Published: {'temperature': 24.57, 'humidity': 77.25, 'co2': 818, 'ch4': 1, 'pressure': 1000, 'light': 688}
📡 [2026-04-18T03:16:37.226974] Published: {'temperature': 26.35, 'humidity': 60.25, 'co2': 635, 'ch4': 11, 'pressure': 1012, 'light': 722}
📡 [2026-04-18T03:16:42.227951] Published: {'temperature': 28.44, 'humidity': 74.78, 'co2': 558, 'ch4': 11, 'pressure': 1017, 'light': 724}
📡 [2026-04-18T03:16:47.229016] Published: {'temperature': 29.07, 'humidity': 86.25, 'co2': 506, 'ch4': 14, 'pressure': 999, 'light': 831}
📡 [2026-04-18T03:16:52.229713] Published: {'temperature': 25.51, 'humidity': 54.77, 'co2': 514, 'ch4': 12, 'pressure': 1001, 'light': 765}
📡 [2026-04-18T03:16:57.230382] Published: {'temperature': 25.89, 'humidity': 84.81, 'co2': 716, 'ch4': 13, 'pressure': 1015, 'light': 130}
📡 [2026-04-18T03:17:02.230788] Published: {'temperature': 26.72, 'humidity': 66.67, 'co2': 630, 'ch4': 3, 'pressure': 1009, 'light': 245}
📡 [2026-04-18T03:17:07.231317] Published: {'temperature': 25.51, 'humidity': 61.61, 'co2': 478, 'ch4': 11, 'pressure': 999, 'light': 777}
📡 [2026-04-18T03:17:12.232062] Published: {'temperature': 24.28, 'humidity': 89.1, 'co2': 842, 'ch4': 11, 'pressure': 1021, 'light': 166}
📡 [2026-04-18T03:17:17.232508] Published: {'temperature': 24.03, 'humidity': 83.88, 'co2': 680, 'ch4': 14, 'pressure': 997, 'light': 972}
📡 [2026-04-18T03:17:22.233285] Published: {'temperature': 25.83, 'humidity': 82.82, 'co2': 510, 'ch4': 11, 'pressure': 1014, 'light': 256}
📡 [2026-04-18T03:17:27.234046] Published: {'temperature': 25.44, 'humidity': 69.03, 'co2': 687, 'ch4': 14, 'pressure': 1025, 'light': 782}
📡 [2026-04-18T03:17:32.234729] Published: {'temperature': 27.25, 'humidity': 78.39, 'co2': 570, 'ch4': 12, 'pressure': 1001, 'light': 902}
📡 [2026-04-18T03:17:37.235484] Published: {'temperature': 29.52, 'humidity': 65.94, 'co2': 808, 'ch4': 14, 'pressure': 999, 'light': 576}
📡 [2026-04-18T03:17:42.236119] Published: {'temperature': 28.91, 'humidity': 70.76, 'co2': 453, 'ch4': 15, 'pressure': 1005, 'light': 889}
📡 [2026-04-18T03:17:47.237326] Published: {'temperature': 29.58, 'humidity': 68.34, 'co2': 606, 'ch4': 6, 'pressure': 1005, 'light': 193}
📡 [2026-04-18T03:17:52.238334] Published: {'temperature': 28.72, 'humidity': 80.53, 'co2': 809, 'ch4': 12, 'pressure': 1023, 'light': 298}
📡 [2026-04-18T03:17:57.239523] Published: {'temperature': 26.04, 'humidity': 84.3, 'co2': 908, 'ch4': 6, 'pressure': 996, 'light': 620}
📡 [2026-04-18T03:18:02.240153] Published: {'temperature': 27.62, 'humidity': 60.29, 'co2': 740, 'ch4': 12, 'pressure': 1017, 'light': 992}
📡 [2026-04-18T03:18:07.240993] Published: {'temperature': 25.39, 'humidity': 85.77, 'co2': 527, 'ch4': 12, 'pressure': 990, 'light': 228}
📡 [2026-04-18T03:18:12.241827] Published: {'temperature': 24.67, 'humidity': 55.61, 'co2': 1024, 'ch4': 9, 'pressure': 994, 'light': 164}
📡 [2026-04-18T03:18:17.242696] Published: {'temperature': 26.89, 'humidity': 67.29, 'co2': 1086, 'ch4': 13, 'pressure': 1012, 'light': 262}
📡 [2026-04-18T03:18:22.243862] Published: {'temperature': 29.57, 'humidity': 88.93, 'co2': 987, 'ch4': 14, 'pressure': 1023, 'light': 660}
📡 [2026-04-18T03:18:27.245072] Published: {'temperature': 27.93, 'humidity': 57.47, 'co2': 727, 'ch4': 14, 'pressure': 1012, 'light': 608}
📡 [2026-04-18T03:18:32.245682] Published: {'temperature': 25.74, 'humidity': 63.14, 'co2': 511, 'ch4': 5, 'pressure': 1017, 'light': 764}
📡 [2026-04-18T03:18:37.246176] Published: {'temperature': 26.53, 'humidity': 71.77, 'co2': 523, 'ch4': 5, 'pressure': 990, 'light': 467}
📡 [2026-04-18T03:18:42.246541] Published: {'temperature': 25.61, 'humidity': 73.3, 'co2': 563, 'ch4': 9, 'pressure': 1019, 'light': 789}
📡 [2026-04-18T03:18:47.247336] Published: {'temperature': 29.94, 'humidity': 86.54, 'co2': 1029, 'ch4': 8, 'pressure': 998, 'light': 112}
📡 [2026-04-18T03:18:52.248120] Published: {'temperature': 27.3, 'humidity': 67.59, 'co2': 430, 'ch4': 6, 'pressure': 1023, 'light': 310}
📡 [2026-04-18T03:18:57.248569] Published: {'temperature': 26.88, 'humidity': 85.78, 'co2': 1047, 'ch4': 1, 'pressure': 1016, 'light': 669}
📡 [2026-04-18T03:19:02.248929] Published: {'temperature': 27.27, 'humidity': 79.44, 'co2': 1054, 'ch4': 1, 'pressure': 1002, 'light': 882}
📡 [2026-04-18T03:19:07.249760] Published: {'temperature': 27.43, 'humidity': 55.83, 'co2': 436, 'ch4': 7, 'pressure': 1015, 'light': 613}
📡 [2026-04-18T03:19:12.250790] Published: {'temperature': 28.03, 'humidity': 76.69, 'co2': 1062, 'ch4': 15, 'pressure': 1022, 'light': 545}
📡 [2026-04-18T03:19:17.255951] Published: {'temperature': 26.69, 'humidity': 86.19, 'co2': 687, 'ch4': 9, 'pressure': 1008, 'light': 308}
📡 [2026-04-18T03:19:22.256586] Published: {'temperature': 26.54, 'humidity': 84.4, 'co2': 807, 'ch4': 6, 'pressure': 1021, 'light': 239}
📡 [2026-04-18T03:19:27.257641] Published: {'temperature': 28.21, 'humidity': 84.7, 'co2': 710, 'ch4': 14, 'pressure': 1025, 'light': 169}
📡 [2026-04-18T03:19:32.258111] Published: {'temperature': 27.99, 'humidity': 56.52, 'co2': 1022, 'ch4': 1, 'pressure': 1017, 'light': 652}
📡 [2026-04-18T03:19:37.258982] Published: {'temperature': 28.44, 'humidity': 61.62, 'co2': 689, 'ch4': 15, 'pressure': 1003, 'light': 260}
📡 [2026-04-18T03:19:42.259799] Published: {'temperature': 24.99, 'humidity': 88.5, 'co2': 675, 'ch4': 2, 'pressure': 1011, 'light': 980}
📡 [2026-04-18T03:19:47.260629] Published: {'temperature': 26.28, 'humidity': 76.16, 'co2': 980, 'ch4': 13, 'pressure': 992, 'light': 778}
📡 [2026-04-18T03:19:52.261195] Published: {'temperature': 26.04, 'humidity': 69.81, 'co2': 513, 'ch4': 3, 'pressure': 1006, 'light': 371}
📡 [2026-04-18T03:19:57.261825] Published: {'temperature': 24.46, 'humidity': 76.13, 'co2': 452, 'ch4': 2, 'pressure': 994, 'light': 439}
📡 [2026-04-18T03:20:02.263017] Published: {'temperature': 27.33, 'humidity': 77.1, 'co2': 425, 'ch4': 10, 'pressure': 1004, 'light': 597}
📡 [2026-04-18T03:20:07.263943] Published: {'temperature': 29.01, 'humidity': 85.31, 'co2': 628, 'ch4': 12, 'pressure': 1002, 'light': 224}
📡 [2026-04-18T03:20:12.264920] Published: {'temperature': 25.75, 'humidity': 52.79, 'co2': 998, 'ch4': 2, 'pressure': 1020, 'light': 325}
📡 [2026-04-18T03:20:17.266040] Published: {'temperature': 26.96, 'humidity': 76.93, 'co2': 453, 'ch4': 10, 'pressure': 1004, 'light': 818}
📡 [2026-04-18T03:20:22.266431] Published: {'temperature': 25.88, 'humidity': 74.55, 'co2': 486, 'ch4': 6, 'pressure': 1011, 'light': 731}
📡 [2026-04-18T03:20:27.267463] Published: {'temperature': 29.1, 'humidity': 82.18, 'co2': 635, 'ch4': 8, 'pressure': 1024, 'light': 926}
📡 [2026-04-18T03:20:32.268585] Published: {'temperature': 29.17, 'humidity': 87.35, 'co2': 379, 'ch4': 1, 'pressure': 1015, 'light': 581}
📡 [2026-04-18T03:20:37.269926] Published: {'temperature': 29.61, 'humidity': 69.04, 'co2': 494, 'ch4': 14, 'pressure': 1024, 'light': 259}
📡 [2026-04-18T03:20:42.271497] Published: {'temperature': 25.68, 'humidity': 55.04, 'co2': 665, 'ch4': 8, 'pressure': 1025, 'light': 951}
📡 [2026-04-18T03:20:47.272703] Published: {'temperature': 29.96, 'humidity': 89.94, 'co2': 419, 'ch4': 11, 'pressure': 1015, 'light': 423}
📡 [2026-04-18T03:20:52.273822] Published: {'temperature': 24.96, 'humidity': 72.43, 'co2': 532, 'ch4': 14, 'pressure': 1019, 'light': 784}
📡 [2026-04-18T03:20:57.274848] Published: {'temperature': 27.94, 'humidity': 50.35, 'co2': 609, 'ch4': 7, 'pressure': 994, 'light': 759}
📡 [2026-04-18T03:21:02.275767] Published: {'temperature': 24.87, 'humidity': 55.75, 'co2': 391, 'ch4': 9, 'pressure': 1018, 'light': 266}
📡 [2026-04-18T03:21:07.276207] Published: {'temperature': 28.99, 'humidity': 70.92, 'co2': 506, 'ch4': 11, 'pressure': 1015, 'light': 924}
📡 [2026-04-18T03:21:12.277018] Published: {'temperature': 27.48, 'humidity': 70.58, 'co2': 1015, 'ch4': 10, 'pressure': 996, 'light': 446}
📡 [2026-04-18T03:21:17.277746] Published: {'temperature': 27.07, 'humidity': 82.31, 'co2': 755, 'ch4': 8, 'pressure': 994, 'light': 146}
📡 [2026-04-18T03:21:22.278523] Published: {'temperature': 26.42, 'humidity': 76.49, 'co2': 953, 'ch4': 14, 'pressure': 1024, 'light': 238}
📡 [2026-04-18T03:21:27.279763] Published: {'temperature': 29.71, 'humidity': 55.79, 'co2': 784, 'ch4': 1, 'pressure': 991, 'light': 931}
📡 [2026-04-18T03:21:32.281178] Published: {'temperature': 26.03, 'humidity': 82.06, 'co2': 552, 'ch4': 7, 'pressure': 998, 'light': 260}
📡 [2026-04-18T03:21:37.281693] Published: {'temperature': 27.41, 'humidity': 88.79, 'co2': 459, 'ch4': 13, 'pressure': 1007, 'light': 780}
📡 [2026-04-18T03:21:42.282328] Published: {'temperature': 28.03, 'humidity': 82.84, 'co2': 607, 'ch4': 4, 'pressure': 990, 'light': 503}
📡 [2026-04-18T03:21:47.283312] Published: {'temperature': 29.04, 'humidity': 74.84, 'co2': 542, 'ch4': 7, 'pressure': 1009, 'light': 466}
📡 [2026-04-18T03:21:52.284132] Published: {'temperature': 28.99, 'humidity': 87.39, 'co2': 449, 'ch4': 3, 'pressure': 1009, 'light': 804}
📡 [2026-04-18T03:21:57.284837] Published: {'temperature': 29.18, 'humidity': 70.98, 'co2': 834, 'ch4': 13, 'pressure': 1021, 'light': 303}
📡 [2026-04-18T03:22:02.285624] Published: {'temperature': 29.65, 'humidity': 67.04, 'co2': 777, 'ch4': 6, 'pressure': 1019, 'light': 234}
📡 [2026-04-18T03:22:07.286559] Published: {'temperature': 25.11, 'humidity': 75.36, 'co2': 391, 'ch4': 2, 'pressure': 995, 'light': 169}
📡 [2026-04-18T03:22:12.287186] Published: {'temperature': 26.99, 'humidity': 81.53, 'co2': 429, 'ch4': 13, 'pressure': 1024, 'light': 363}
📡 [2026-04-18T03:22:17.288119] Published: {'temperature': 27.38, 'humidity': 66.7, 'co2': 448, 'ch4': 3, 'pressure': 996, 'light': 204}
📡 [2026-04-18T03:22:22.289031] Published: {'temperature': 24.82, 'humidity': 63.84, 'co2': 481, 'ch4': 8, 'pressure': 1017, 'light': 700}
📡 [2026-04-18T03:22:27.289865] Published: {'temperature': 26.38, 'humidity': 58.7, 'co2': 747, 'ch4': 2, 'pressure': 999, 'light': 490}
📡 [2026-04-18T03:22:32.291163] Published: {'temperature': 27.15, 'humidity': 89.1, 'co2': 469, 'ch4': 6, 'pressure': 1002, 'light': 988}
📡 [2026-04-18T03:22:37.291706] Published: {'temperature': 27.06, 'humidity': 89.34, 'co2': 728, 'ch4': 10, 'pressure': 1004, 'light': 188}
📡 [2026-04-18T03:22:42.293454] Published: {'temperature': 24.04, 'humidity': 58.15, 'co2': 791, 'ch4': 13, 'pressure': 1010, 'light': 271}
📡 [2026-04-18T03:22:47.294224] Published: {'temperature': 26.77, 'humidity': 62.82, 'co2': 1087, 'ch4': 7, 'pressure': 1019, 'light': 178}
📡 [2026-04-18T03:22:52.295210] Published: {'temperature': 29.5, 'humidity': 66.68, 'co2': 478, 'ch4': 6, 'pressure': 997, 'light': 757}
📡 [2026-04-18T03:22:57.296014] Published: {'temperature': 27.1, 'humidity': 76.61, 'co2': 960, 'ch4': 10, 'pressure': 1011, 'light': 831}
📡 [2026-04-18T03:23:02.296358] Published: {'temperature': 27.85, 'humidity': 74.27, 'co2': 778, 'ch4': 7, 'pressure': 994, 'light': 695}
📡 [2026-04-18T03:23:07.296933] Published: {'temperature': 29.3, 'humidity': 71.05, 'co2': 556, 'ch4': 3, 'pressure': 1022, 'light': 364}
📡 [2026-04-18T03:23:12.298032] Published: {'temperature': 25.12, 'humidity': 86.35, 'co2': 968, 'ch4': 10, 'pressure': 1012, 'light': 938}
📡 [2026-04-18T03:23:17.298983] Published: {'temperature': 29.86, 'humidity': 68.05, 'co2': 846, 'ch4': 10, 'pressure': 993, 'light': 847}
📡 [2026-04-18T03:23:22.299375] Published: {'temperature': 29.5, 'humidity': 52.6, 'co2': 1026, 'ch4': 12, 'pressure': 1013, 'light': 546}
📡 [2026-04-18T03:23:27.299897] Published: {'temperature': 29.91, 'humidity': 85.46, 'co2': 691, 'ch4': 1, 'pressure': 990, 'light': 658}
📡 [2026-04-18T03:23:32.300938] Published: {'temperature': 26.59, 'humidity': 57.47, 'co2': 926, 'ch4': 11, 'pressure': 1001, 'light': 334}
📡 [2026-04-18T03:23:37.301763] Published: {'temperature': 27.49, 'humidity': 69.17, 'co2': 870, 'ch4': 14, 'pressure': 1021, 'light': 149}
📡 [2026-04-18T03:23:42.302487] Published: {'temperature': 28.37, 'humidity': 54.63, 'co2': 752, 'ch4': 15, 'pressure': 990, 'light': 263}
📡 [2026-04-18T03:23:47.303084] Published: {'temperature': 27.58, 'humidity': 57.85, 'co2': 1050, 'ch4': 10, 'pressure': 1015, 'light': 328}
📡 [2026-04-18T03:23:52.304365] Published: {'temperature': 26.46, 'humidity': 86.68, 'co2': 457, 'ch4': 12, 'pressure': 1003, 'light': 841}
📡 [2026-04-18T03:23:57.305076] Published: {'temperature': 26.27, 'humidity': 72.27, 'co2': 866, 'ch4': 3, 'pressure': 997, 'light': 239}
📡 [2026-04-18T03:24:02.305837] Published: {'temperature': 26.88, 'humidity': 85.78, 'co2': 740, 'ch4': 6, 'pressure': 992, 'light': 201}
📡 [2026-04-18T03:24:07.306658] Published: {'temperature': 28.25, 'humidity': 84.81, 'co2': 517, 'ch4': 6, 'pressure': 1025, 'light': 317}
📡 [2026-04-18T03:24:12.311441] Published: {'temperature': 26.04, 'humidity': 81.87, 'co2': 805, 'ch4': 15, 'pressure': 1022, 'light': 422}
📡 [2026-04-18T03:24:17.311919] Published: {'temperature': 29.54, 'humidity': 86.28, 'co2': 907, 'ch4': 9, 'pressure': 996, 'light': 934}
📡 [2026-04-18T03:24:22.313190] Published: {'temperature': 27.84, 'humidity': 89.04, 'co2': 449, 'ch4': 1, 'pressure': 1002, 'light': 913}
📡 [2026-04-18T03:24:27.314128] Published: {'temperature': 25.71, 'humidity': 53.42, 'co2': 430, 'ch4': 10, 'pressure': 1017, 'light': 431}
📡 [2026-04-18T03:24:32.314763] Published: {'temperature': 27.45, 'humidity': 82.02, 'co2': 708, 'ch4': 6, 'pressure': 1013, 'light': 641}
📡 [2026-04-18T03:24:37.315342] Published: {'temperature': 27.09, 'humidity': 77.16, 'co2': 1042, 'ch4': 7, 'pressure': 1010, 'light': 546}
📡 [2026-04-18T03:24:42.316137] Published: {'temperature': 29.31, 'humidity': 52.35, 'co2': 1083, 'ch4': 4, 'pressure': 1014, 'light': 763}
📡 [2026-04-18T03:24:47.317206] Published: {'temperature': 29.78, 'humidity': 64.13, 'co2': 799, 'ch4': 2, 'pressure': 996, 'light': 573}
📡 [2026-04-18T03:24:52.318111] Published: {'temperature': 27.46, 'humidity': 63.38, 'co2': 994, 'ch4': 14, 'pressure': 992, 'light': 382}
📡 [2026-04-18T03:24:57.319022] Published: {'temperature': 24.54, 'humidity': 81.03, 'co2': 878, 'ch4': 10, 'pressure': 1014, 'light': 768}
📡 [2026-04-18T03:25:02.319985] Published: {'temperature': 25.56, 'humidity': 88.02, 'co2': 1001, 'ch4': 1, 'pressure': 1005, 'light': 378}
📡 [2026-04-18T03:25:07.321152] Published: {'temperature': 27.27, 'humidity': 85.58, 'co2': 585, 'ch4': 14, 'pressure': 1001, 'light': 306}
📡 [2026-04-18T03:25:12.322018] Published: {'temperature': 25.45, 'humidity': 56.67, 'co2': 481, 'ch4': 15, 'pressure': 1025, 'light': 103}
📡 [2026-04-18T03:25:17.323211] Published: {'temperature': 27.76, 'humidity': 63.05, 'co2': 701, 'ch4': 4, 'pressure': 998, 'light': 212}
📡 [2026-04-18T03:25:22.324094] Published: {'temperature': 28.16, 'humidity': 55.15, 'co2': 1034, 'ch4': 14, 'pressure': 1024, 'light': 538}
📡 [2026-04-18T03:25:27.324988] Published: {'temperature': 27.26, 'humidity': 69.16, 'co2': 565, 'ch4': 14, 'pressure': 1021, 'light': 650}
📡 [2026-04-18T03:25:32.325341] Published: {'temperature': 24.1, 'humidity': 55.2, 'co2': 562, 'ch4': 8, 'pressure': 994, 'light': 793}
📡 [2026-04-18T03:25:37.326205] Published: {'temperature': 28.4, 'humidity': 85.7, 'co2': 961, 'ch4': 12, 'pressure': 1014, 'light': 856}
📡 [2026-04-18T03:25:42.326927] Published: {'temperature': 28.58, 'humidity': 87.57, 'co2': 502, 'ch4': 5, 'pressure': 1015, 'light': 868}
📡 [2026-04-18T03:25:47.327362] Published: {'temperature': 26.44, 'humidity': 84.29, 'co2': 809, 'ch4': 5, 'pressure': 998, 'light': 160}
📡 [2026-04-18T03:25:52.327904] Published: {'temperature': 27.55, 'humidity': 83.65, 'co2': 1007, 'ch4': 9, 'pressure': 1020, 'light': 599}
📡 [2026-04-18T03:25:57.329026] Published: {'temperature': 27.18, 'humidity': 59.4, 'co2': 944, 'ch4': 6, 'pressure': 1012, 'light': 934}
📡 [2026-04-18T03:26:02.330122] Published: {'temperature': 28.48, 'humidity': 76.48, 'co2': 426, 'ch4': 10, 'pressure': 1008, 'light': 246}
📡 [2026-04-18T03:26:07.331554] Published: {'temperature': 28.17, 'humidity': 58.59, 'co2': 742, 'ch4': 15, 'pressure': 1019, 'light': 491}
📡 [2026-04-18T03:26:12.332202] Published: {'temperature': 27.07, 'humidity': 89.23, 'co2': 1015, 'ch4': 2, 'pressure': 1020, 'light': 478}
📡 [2026-04-18T03:26:17.333200] Published: {'temperature': 28.89, 'humidity': 54.08, 'co2': 891, 'ch4': 7, 'pressure': 1013, 'light': 564}
📡 [2026-04-18T03:26:22.334500] Published: {'temperature': 28.23, 'humidity': 62.18, 'co2': 457, 'ch4': 2, 'pressure': 1022, 'light': 997}
📡 [2026-04-18T03:26:27.334987] Published: {'temperature': 29.89, 'humidity': 75.78, 'co2': 870, 'ch4': 13, 'pressure': 1006, 'light': 235}
📡 [2026-04-18T03:26:32.336225] Published: {'temperature': 26.29, 'humidity': 77.13, 'co2': 677, 'ch4': 5, 'pressure': 990, 'light': 332}
📡 [2026-04-18T03:26:37.337397] Published: {'temperature': 26.18, 'humidity': 79.72, 'co2': 467, 'ch4': 9, 'pressure': 1005, 'light': 602}
📡 [2026-04-18T03:26:42.338449] Published: {'temperature': 27.74, 'humidity': 59.72, 'co2': 438, 'ch4': 2, 'pressure': 1015, 'light': 251}
📡 [2026-04-18T03:26:47.339859] Published: {'temperature': 29.86, 'humidity': 62.5, 'co2': 521, 'ch4': 1, 'pressure': 1015, 'light': 659}
📡 [2026-04-18T03:26:52.340612] Published: {'temperature': 28.32, 'humidity': 79.91, 'co2': 517, 'ch4': 9, 'pressure': 993, 'light': 311}
📡 [2026-04-18T03:26:57.342221] Published: {'temperature': 27.62, 'humidity': 53.97, 'co2': 775, 'ch4': 15, 'pressure': 999, 'light': 560}
📡 [2026-04-18T03:27:02.342846] Published: {'temperature': 25.67, 'humidity': 70.93, 'co2': 456, 'ch4': 9, 'pressure': 1021, 'light': 582}
📡 [2026-04-18T03:27:07.343930] Published: {'temperature': 25.77, 'humidity': 74.32, 'co2': 925, 'ch4': 14, 'pressure': 1004, 'light': 283}
📡 [2026-04-18T03:27:12.344837] Published: {'temperature': 29.01, 'humidity': 63.91, 'co2': 421, 'ch4': 9, 'pressure': 1014, 'light': 567}
📡 [2026-04-18T03:27:17.345215] Published: {'temperature': 25.05, 'humidity': 67.71, 'co2': 914, 'ch4': 1, 'pressure': 1000, 'light': 217}
📡 [2026-04-18T03:27:22.346065] Published: {'temperature': 25.68, 'humidity': 60.58, 'co2': 858, 'ch4': 11, 'pressure': 1020, 'light': 500}
📡 [2026-04-18T03:27:27.347215] Published: {'temperature': 24.59, 'humidity': 70.08, 'co2': 984, 'ch4': 3, 'pressure': 1015, 'light': 105}
📡 [2026-04-18T03:27:32.348308] Published: {'temperature': 26.34, 'humidity': 57.96, 'co2': 781, 'ch4': 5, 'pressure': 1021, 'light': 201}
📡 [2026-04-18T03:27:37.349212] Published: {'temperature': 24.24, 'humidity': 62.72, 'co2': 430, 'ch4': 6, 'pressure': 1007, 'light': 859}
📡 [2026-04-18T03:27:42.350456] Published: {'temperature': 29.2, 'humidity': 67.57, 'co2': 492, 'ch4': 3, 'pressure': 1010, 'light': 767}
📡 [2026-04-18T03:27:47.351583] Published: {'temperature': 26.12, 'humidity': 56.48, 'co2': 859, 'ch4': 14, 'pressure': 995, 'light': 408}
📡 [2026-04-18T03:27:52.351967] Published: {'temperature': 29.31, 'humidity': 54.29, 'co2': 605, 'ch4': 13, 'pressure': 995, 'light': 523}
📡 [2026-04-18T03:27:57.352882] Published: {'temperature': 24.27, 'humidity': 72.58, 'co2': 713, 'ch4': 4, 'pressure': 991, 'light': 237}
📡 [2026-04-18T03:28:02.353828] Published: {'temperature': 26.79, 'humidity': 72.87, 'co2': 443, 'ch4': 7, 'pressure': 1015, 'light': 499}
📡 [2026-04-18T03:28:07.354764] Published: {'temperature': 25.05, 'humidity': 68.63, 'co2': 955, 'ch4': 9, 'pressure': 1000, 'light': 293}
📡 [2026-04-18T03:28:12.356277] Published: {'temperature': 27.64, 'humidity': 74.95, 'co2': 755, 'ch4': 5, 'pressure': 994, 'light': 825}
📡 [2026-04-18T03:28:17.357242] Published: {'temperature': 28.32, 'humidity': 54.98, 'co2': 681, 'ch4': 12, 'pressure': 1003, 'light': 323}
📡 [2026-04-18T03:28:22.358224] Published: {'temperature': 29.83, 'humidity': 84.78, 'co2': 562, 'ch4': 5, 'pressure': 1000, 'light': 530}
📡 [2026-04-18T03:28:27.359347] Published: {'temperature': 29.6, 'humidity': 62.38, 'co2': 492, 'ch4': 12, 'pressure': 1016, 'light': 364}
📡 [2026-04-18T03:28:32.360109] Published: {'temperature': 28.6, 'humidity': 62.98, 'co2': 1061, 'ch4': 8, 'pressure': 1015, 'light': 582}
📡 [2026-04-18T03:28:37.360579] Published: {'temperature': 28.85, 'humidity': 82.3, 'co2': 560, 'ch4': 3, 'pressure': 1006, 'light': 726}
📡 [2026-04-18T03:28:42.360931] Published: {'temperature': 24.8, 'humidity': 82.02, 'co2': 940, 'ch4': 7, 'pressure': 1003, 'light': 285}
📡 [2026-04-18T03:28:47.361592] Published: {'temperature': 28.77, 'humidity': 52.7, 'co2': 561, 'ch4': 9, 'pressure': 1011, 'light': 208}
📡 [2026-04-18T03:28:52.362794] Published: {'temperature': 25.28, 'humidity': 69.75, 'co2': 629, 'ch4': 3, 'pressure': 998, 'light': 823}
📡 [2026-04-18T03:28:57.363369] Published: {'temperature': 24.25, 'humidity': 75.25, 'co2': 862, 'ch4': 8, 'pressure': 992, 'light': 843}
📡 [2026-04-18T03:29:02.364426] Published: {'temperature': 26.43, 'humidity': 88.23, 'co2': 532, 'ch4': 2, 'pressure': 1006, 'light': 931}
📡 [2026-04-18T03:29:07.365213] Published: {'temperature': 26.78, 'humidity': 81.95, 'co2': 1032, 'ch4': 15, 'pressure': 1022, 'light': 592}
📡 [2026-04-18T03:29:12.365757] Published: {'temperature': 25.0, 'humidity': 82.88, 'co2': 375, 'ch4': 11, 'pressure': 995, 'light': 776}
📡 [2026-04-18T03:29:17.367116] Published: {'temperature': 25.7, 'humidity': 72.1, 'co2': 816, 'ch4': 10, 'pressure': 994, 'light': 428}
📡 [2026-04-18T03:29:22.368858] Published: {'temperature': 29.69, 'humidity': 55.29, 'co2': 516, 'ch4': 2, 'pressure': 1004, 'light': 106}
📡 [2026-04-18T03:29:27.370107] Published: {'temperature': 24.43, 'humidity': 52.9, 'co2': 395, 'ch4': 14, 'pressure': 1020, 'light': 282}
📡 [2026-04-18T03:29:32.371502] Published: {'temperature': 24.92, 'humidity': 50.15, 'co2': 1000, 'ch4': 5, 'pressure': 995, 'light': 650}
📡 [2026-04-18T03:29:37.372682] Published: {'temperature': 25.67, 'humidity': 53.83, 'co2': 752, 'ch4': 14, 'pressure': 1021, 'light': 661}
📡 [2026-04-18T03:29:42.374746] Published: {'temperature': 25.68, 'humidity': 69.38, 'co2': 542, 'ch4': 13, 'pressure': 1006, 'light': 653}
📡 [2026-04-18T03:29:47.375970] Published: {'temperature': 27.74, 'humidity': 76.55, 'co2': 741, 'ch4': 7, 'pressure': 994, 'light': 950}
📡 [2026-04-18T03:29:52.377340] Published: {'temperature': 26.66, 'humidity': 88.38, 'co2': 1046, 'ch4': 2, 'pressure': 1018, 'light': 791}
📡 [2026-04-18T03:29:57.378440] Published: {'temperature': 25.74, 'humidity': 79.85, 'co2': 587, 'ch4': 1, 'pressure': 993, 'light': 441}
📡 [2026-04-18T03:30:02.379385] Published: {'temperature': 25.18, 'humidity': 72.53, 'co2': 1030, 'ch4': 5, 'pressure': 1013, 'light': 234}
📡 [2026-04-18T03:30:07.380272] Published: {'temperature': 28.35, 'humidity': 67.21, 'co2': 704, 'ch4': 13, 'pressure': 1025, 'light': 845}
📡 [2026-04-18T03:30:12.380715] Published: {'temperature': 28.88, 'humidity': 59.12, 'co2': 564, 'ch4': 12, 'pressure': 1004, 'light': 888}
📡 [2026-04-18T03:30:17.381321] Published: {'temperature': 25.77, 'humidity': 87.88, 'co2': 1076, 'ch4': 11, 'pressure': 993, 'light': 432}
📡 [2026-04-18T03:30:22.382103] Published: {'temperature': 25.44, 'humidity': 56.22, 'co2': 707, 'ch4': 14, 'pressure': 995, 'light': 109}
📡 [2026-04-18T03:30:27.382635] Published: {'temperature': 27.69, 'humidity': 66.68, 'co2': 1086, 'ch4': 4, 'pressure': 1015, 'light': 393}
📡 [2026-04-18T03:30:32.383107] Published: {'temperature': 29.36, 'humidity': 66.91, 'co2': 599, 'ch4': 13, 'pressure': 1019, 'light': 714}
📡 [2026-04-18T03:30:37.383467] Published: {'temperature': 24.38, 'humidity': 82.39, 'co2': 885, 'ch4': 5, 'pressure': 1013, 'light': 866}
📡 [2026-04-18T03:30:42.383944] Published: {'temperature': 26.92, 'humidity': 81.0, 'co2': 793, 'ch4': 4, 'pressure': 995, 'light': 472}
📡 [2026-04-18T03:30:47.384276] Published: {'temperature': 27.25, 'humidity': 66.34, 'co2': 754, 'ch4': 5, 'pressure': 994, 'light': 292}
📡 [2026-04-18T03:30:52.385220] Published: {'temperature': 25.74, 'humidity': 62.71, 'co2': 1053, 'ch4': 11, 'pressure': 991, 'light': 825}
📡 [2026-04-18T03:30:57.385891] Published: {'temperature': 28.79, 'humidity': 63.74, 'co2': 937, 'ch4': 3, 'pressure': 1020, 'light': 811}
📡 [2026-04-18T03:31:02.386556] Published: {'temperature': 27.23, 'humidity': 89.67, 'co2': 914, 'ch4': 15, 'pressure': 1015, 'light': 854}
📡 [2026-04-18T03:31:07.387285] Published: {'temperature': 29.19, 'humidity': 68.0, 'co2': 796, 'ch4': 4, 'pressure': 1002, 'light': 704}
📡 [2026-04-18T03:31:12.388101] Published: {'temperature': 24.44, 'humidity': 81.51, 'co2': 391, 'ch4': 14, 'pressure': 1023, 'light': 303}
📡 [2026-04-18T03:31:17.388541] Published: {'temperature': 26.27, 'humidity': 82.45, 'co2': 674, 'ch4': 9, 'pressure': 1004, 'light': 985}
📡 [2026-04-18T03:31:22.389047] Published: {'temperature': 25.14, 'humidity': 63.54, 'co2': 926, 'ch4': 7, 'pressure': 1002, 'light': 310}
📡 [2026-04-18T03:31:27.389874] Published: {'temperature': 29.29, 'humidity': 78.12, 'co2': 707, 'ch4': 6, 'pressure': 1019, 'light': 841}
📡 [2026-04-18T03:31:32.390505] Published: {'temperature': 27.43, 'humidity': 87.05, 'co2': 1039, 'ch4': 3, 'pressure': 1018, 'light': 809}
📡 [2026-04-18T03:31:37.391301] Published: {'temperature': 25.72, 'humidity': 51.64, 'co2': 823, 'ch4': 9, 'pressure': 1013, 'light': 395}
📡 [2026-04-18T03:31:42.392085] Published: {'temperature': 29.52, 'humidity': 52.72, 'co2': 1087, 'ch4': 13, 'pressure': 1022, 'light': 250}
📡 [2026-04-18T03:31:47.392961] Published: {'temperature': 27.75, 'humidity': 73.09, 'co2': 781, 'ch4': 3, 'pressure': 1007, 'light': 440}
📡 [2026-04-18T03:31:52.393789] Published: {'temperature': 25.98, 'humidity': 75.17, 'co2': 867, 'ch4': 8, 'pressure': 1019, 'light': 559}
📡 [2026-04-18T03:31:57.394665] Published: {'temperature': 28.81, 'humidity': 75.99, 'co2': 597, 'ch4': 12, 'pressure': 1025, 'light': 420}
📡 [2026-04-18T03:32:02.395402] Published: {'temperature': 26.9, 'humidity': 75.52, 'co2': 765, 'ch4': 14, 'pressure': 1019, 'light': 291}
📡 [2026-04-18T03:32:07.396387] Published: {'temperature': 27.86, 'humidity': 72.33, 'co2': 922, 'ch4': 2, 'pressure': 1017, 'light': 710}
📡 [2026-04-18T03:32:12.397048] Published: {'temperature': 29.95, 'humidity': 52.02, 'co2': 569, 'ch4': 10, 'pressure': 1016, 'light': 624}
📡 [2026-04-18T03:32:17.397793] Published: {'temperature': 28.48, 'humidity': 88.02, 'co2': 461, 'ch4': 9, 'pressure': 1007, 'light': 529}
📡 [2026-04-18T03:32:22.398474] Published: {'temperature': 28.11, 'humidity': 66.95, 'co2': 814, 'ch4': 14, 'pressure': 999, 'light': 838}
📡 [2026-04-18T03:32:27.399512] Published: {'temperature': 26.18, 'humidity': 74.55, 'co2': 1064, 'ch4': 12, 'pressure': 996, 'light': 575}
📡 [2026-04-18T03:32:32.400240] Published: {'temperature': 25.35, 'humidity': 69.51, 'co2': 720, 'ch4': 15, 'pressure': 999, 'light': 229}
📡 [2026-04-18T03:32:37.400928] Published: {'temperature': 25.79, 'humidity': 66.08, 'co2': 655, 'ch4': 5, 'pressure': 1022, 'light': 963}
📡 [2026-04-18T03:32:42.401259] Published: {'temperature': 27.39, 'humidity': 77.53, 'co2': 946, 'ch4': 14, 'pressure': 1025, 'light': 355}
📡 [2026-04-18T03:32:47.401873] Published: {'temperature': 27.73, 'humidity': 57.46, 'co2': 933, 'ch4': 15, 'pressure': 1007, 'light': 323}
📡 [2026-04-18T03:32:52.402215] Published: {'temperature': 25.68, 'humidity': 55.47, 'co2': 542, 'ch4': 4, 'pressure': 1002, 'light': 606}
📡 [2026-04-18T03:32:57.403422] Published: {'temperature': 28.4, 'humidity': 63.13, 'co2': 1097, 'ch4': 15, 'pressure': 1019, 'light': 135}
📡 [2026-04-18T03:33:02.404485] Published: {'temperature': 26.07, 'humidity': 78.05, 'co2': 1020, 'ch4': 10, 'pressure': 1020, 'light': 275}
📡 [2026-04-18T03:33:07.405094] Published: {'temperature': 25.35, 'humidity': 80.87, 'co2': 662, 'ch4': 10, 'pressure': 1002, 'light': 558}
📡 [2026-04-18T03:33:12.406251] Published: {'temperature': 26.31, 'humidity': 74.48, 'co2': 835, 'ch4': 3, 'pressure': 993, 'light': 186}
📡 [2026-04-18T03:33:17.407764] Published: {'temperature': 26.53, 'humidity': 51.2, 'co2': 401, 'ch4': 8, 'pressure': 996, 'light': 319}
📡 [2026-04-18T03:33:22.409076] Published: {'temperature': 27.66, 'humidity': 85.85, 'co2': 898, 'ch4': 5, 'pressure': 996, 'light': 150}
📡 [2026-04-18T03:33:27.410134] Published: {'temperature': 27.19, 'humidity': 88.04, 'co2': 886, 'ch4': 1, 'pressure': 1002, 'light': 669}
📡 [2026-04-18T03:33:32.411185] Published: {'temperature': 25.17, 'humidity': 52.74, 'co2': 710, 'ch4': 13, 'pressure': 1008, 'light': 496}
📡 [2026-04-18T03:33:37.412201] Published: {'temperature': 26.47, 'humidity': 65.87, 'co2': 818, 'ch4': 11, 'pressure': 1007, 'light': 854}
📡 [2026-04-18T03:33:42.413598] Published: {'temperature': 27.18, 'humidity': 82.55, 'co2': 764, 'ch4': 7, 'pressure': 1019, 'light': 246}
📡 [2026-04-18T03:33:47.415327] Published: {'temperature': 24.64, 'humidity': 64.19, 'co2': 976, 'ch4': 9, 'pressure': 1014, 'light': 727}
📡 [2026-04-18T03:33:52.416631] Published: {'temperature': 25.97, 'humidity': 52.98, 'co2': 592, 'ch4': 5, 'pressure': 1017, 'light': 994}
📡 [2026-04-18T03:33:57.417750] Published: {'temperature': 24.45, 'humidity': 76.23, 'co2': 685, 'ch4': 3, 'pressure': 1001, 'light': 702}
📡 [2026-04-18T03:34:02.418205] Published: {'temperature': 27.59, 'humidity': 84.22, 'co2': 394, 'ch4': 7, 'pressure': 997, 'light': 442}
📡 [2026-04-18T03:34:07.419068] Published: {'temperature': 28.28, 'humidity': 64.68, 'co2': 1031, 'ch4': 11, 'pressure': 1010, 'light': 144}
📡 [2026-04-18T03:34:12.419986] Published: {'temperature': 24.96, 'humidity': 54.86, 'co2': 818, 'ch4': 11, 'pressure': 1009, 'light': 481}
📡 [2026-04-18T03:34:17.421207] Published: {'temperature': 26.61, 'humidity': 67.65, 'co2': 1058, 'ch4': 4, 'pressure': 1002, 'light': 603}
📡 [2026-04-18T03:34:22.422062] Published: {'temperature': 25.81, 'humidity': 51.8, 'co2': 972, 'ch4': 4, 'pressure': 1017, 'light': 862}
📡 [2026-04-18T03:34:27.423139] Published: {'temperature': 26.53, 'humidity': 81.63, 'co2': 598, 'ch4': 4, 'pressure': 997, 'light': 989}
📡 [2026-04-18T03:34:32.426206] Published: {'temperature': 27.44, 'humidity': 86.44, 'co2': 669, 'ch4': 11, 'pressure': 1013, 'light': 470}
📡 [2026-04-18T03:34:37.426822] Published: {'temperature': 27.59, 'humidity': 67.95, 'co2': 784, 'ch4': 11, 'pressure': 1004, 'light': 110}
📡 [2026-04-18T03:34:42.427901] Published: {'temperature': 25.68, 'humidity': 83.04, 'co2': 477, 'ch4': 10, 'pressure': 1014, 'light': 802}
📡 [2026-04-18T03:34:47.429378] Published: {'temperature': 24.24, 'humidity': 54.06, 'co2': 985, 'ch4': 2, 'pressure': 1014, 'light': 772}
📡 [2026-04-18T03:34:52.430240] Published: {'temperature': 27.28, 'humidity': 84.97, 'co2': 757, 'ch4': 8, 'pressure': 1002, 'light': 211}
📡 [2026-04-18T03:34:57.431188] Published: {'temperature': 24.77, 'humidity': 50.31, 'co2': 685, 'ch4': 4, 'pressure': 1025, 'light': 309}
📡 [2026-04-18T03:35:02.432421] Published: {'temperature': 25.93, 'humidity': 72.29, 'co2': 407, 'ch4': 4, 'pressure': 1021, 'light': 605}
📡 [2026-04-18T03:35:07.434326] Published: {'temperature': 27.32, 'humidity': 58.37, 'co2': 1044, 'ch4': 9, 'pressure': 995, 'light': 254}
📡 [2026-04-18T03:35:12.434977] Published: {'temperature': 27.98, 'humidity': 88.93, 'co2': 834, 'ch4': 6, 'pressure': 1019, 'light': 560}
📡 [2026-04-18T03:35:17.435791] Published: {'temperature': 29.77, 'humidity': 53.84, 'co2': 978, 'ch4': 13, 'pressure': 1016, 'light': 336}
📡 [2026-04-18T03:35:22.436291] Published: {'temperature': 27.71, 'humidity': 81.09, 'co2': 780, 'ch4': 1, 'pressure': 1012, 'light': 864}
📡 [2026-04-18T03:35:27.436946] Published: {'temperature': 26.04, 'humidity': 72.72, 'co2': 606, 'ch4': 12, 'pressure': 1011, 'light': 829}
📡 [2026-04-18T03:35:32.437660] Published: {'temperature': 25.16, 'humidity': 61.7, 'co2': 1013, 'ch4': 5, 'pressure': 1025, 'light': 223}
📡 [2026-04-18T03:35:37.439074] Published: {'temperature': 27.92, 'humidity': 77.46, 'co2': 992, 'ch4': 1, 'pressure': 1003, 'light': 836}
📡 [2026-04-18T03:35:42.439575] Published: {'temperature': 25.18, 'humidity': 76.95, 'co2': 499, 'ch4': 7, 'pressure': 1021, 'light': 982}
📡 [2026-04-18T03:35:47.440116] Published: {'temperature': 28.66, 'humidity': 53.88, 'co2': 894, 'ch4': 3, 'pressure': 1008, 'light': 739}
📡 [2026-04-18T03:35:52.440886] Published: {'temperature': 28.61, 'humidity': 51.61, 'co2': 924, 'ch4': 14, 'pressure': 994, 'light': 903}
📡 [2026-04-18T03:35:57.441829] Published: {'temperature': 25.01, 'humidity': 50.06, 'co2': 908, 'ch4': 9, 'pressure': 993, 'light': 277}
📡 [2026-04-18T03:36:02.442918] Published: {'temperature': 28.23, 'humidity': 80.57, 'co2': 1070, 'ch4': 5, 'pressure': 1005, 'light': 476}
📡 [2026-04-18T03:36:07.443663] Published: {'temperature': 27.15, 'humidity': 75.78, 'co2': 423, 'ch4': 9, 'pressure': 996, 'light': 948}
📡 [2026-04-18T03:36:12.445194] Published: {'temperature': 26.29, 'humidity': 68.9, 'co2': 849, 'ch4': 4, 'pressure': 1015, 'light': 757}
📡 [2026-04-18T03:36:17.445696] Published: {'temperature': 27.02, 'humidity': 80.67, 'co2': 604, 'ch4': 3, 'pressure': 995, 'light': 518}
📡 [2026-04-18T03:36:22.446265] Published: {'temperature': 26.26, 'humidity': 83.92, 'co2': 476, 'ch4': 4, 'pressure': 1010, 'light': 811}
📡 [2026-04-18T03:36:27.446777] Published: {'temperature': 27.55, 'humidity': 64.65, 'co2': 604, 'ch4': 9, 'pressure': 1016, 'light': 694}
📡 [2026-04-18T03:36:32.447312] Published: {'temperature': 29.38, 'humidity': 87.98, 'co2': 360, 'ch4': 5, 'pressure': 994, 'light': 743}
📡 [2026-04-18T03:36:37.448737] Published: {'temperature': 29.12, 'humidity': 50.37, 'co2': 973, 'ch4': 4, 'pressure': 1004, 'light': 662}
📡 [2026-04-18T03:36:42.449281] Published: {'temperature': 26.73, 'humidity': 56.63, 'co2': 736, 'ch4': 1, 'pressure': 1025, 'light': 278}
📡 [2026-04-18T03:36:47.450083] Published: {'temperature': 28.55, 'humidity': 57.97, 'co2': 1040, 'ch4': 10, 'pressure': 994, 'light': 419}
📡 [2026-04-18T03:36:52.451379] Published: {'temperature': 25.28, 'humidity': 57.51, 'co2': 485, 'ch4': 10, 'pressure': 1004, 'light': 320}
📡 [2026-04-18T03:36:57.452994] Published: {'temperature': 25.54, 'humidity': 55.61, 'co2': 1020, 'ch4': 1, 'pressure': 999, 'light': 859}
📡 [2026-04-18T03:37:02.453436] Published: {'temperature': 25.55, 'humidity': 78.75, 'co2': 387, 'ch4': 8, 'pressure': 1004, 'light': 693}
📡 [2026-04-18T03:37:07.454457] Published: {'temperature': 28.17, 'humidity': 66.65, 'co2': 1094, 'ch4': 7, 'pressure': 1022, 'light': 973}
📡 [2026-04-18T03:37:12.456026] Published: {'temperature': 25.68, 'humidity': 79.9, 'co2': 780, 'ch4': 2, 'pressure': 1002, 'light': 627}
📡 [2026-04-18T03:37:17.456814] Published: {'temperature': 26.97, 'humidity': 83.63, 'co2': 1017, 'ch4': 6, 'pressure': 994, 'light': 736}
📡 [2026-04-18T03:37:22.458193] Published: {'temperature': 27.4, 'humidity': 80.43, 'co2': 398, 'ch4': 15, 'pressure': 1022, 'light': 156}
📡 [2026-04-18T03:37:27.458555] Published: {'temperature': 26.03, 'humidity': 70.02, 'co2': 615, 'ch4': 12, 'pressure': 1013, 'light': 584}
📡 [2026-04-18T03:37:32.459665] Published: {'temperature': 28.55, 'humidity': 66.72, 'co2': 564, 'ch4': 3, 'pressure': 1015, 'light': 117}
📡 [2026-04-18T03:37:37.461094] Published: {'temperature': 29.25, 'humidity': 58.79, 'co2': 616, 'ch4': 1, 'pressure': 1012, 'light': 839}
📡 [2026-04-18T03:37:42.462522] Published: {'temperature': 26.12, 'humidity': 73.97, 'co2': 687, 'ch4': 7, 'pressure': 1019, 'light': 470}
📡 [2026-04-18T03:37:47.463134] Published: {'temperature': 28.88, 'humidity': 64.14, 'co2': 588, 'ch4': 5, 'pressure': 997, 'light': 185}
📡 [2026-04-18T03:37:52.463700] Published: {'temperature': 29.9, 'humidity': 56.59, 'co2': 934, 'ch4': 5, 'pressure': 992, 'light': 296}
📡 [2026-04-18T03:37:57.464737] Published: {'temperature': 26.62, 'humidity': 77.75, 'co2': 999, 'ch4': 8, 'pressure': 1000, 'light': 384}
📡 [2026-04-18T03:38:02.465309] Published: {'temperature': 27.5, 'humidity': 64.89, 'co2': 708, 'ch4': 3, 'pressure': 1001, 'light': 307}
📡 [2026-04-18T03:38:07.465971] Published: {'temperature': 29.96, 'humidity': 79.92, 'co2': 573, 'ch4': 4, 'pressure': 1018, 'light': 415}
📡 [2026-04-18T03:38:12.466502] Published: {'temperature': 24.25, 'humidity': 80.12, 'co2': 369, 'ch4': 10, 'pressure': 1025, 'light': 929}
📡 [2026-04-18T03:38:17.467043] Published: {'temperature': 27.55, 'humidity': 69.33, 'co2': 793, 'ch4': 8, 'pressure': 998, 'light': 699}
📡 [2026-04-18T03:38:22.467580] Published: {'temperature': 29.49, 'humidity': 54.07, 'co2': 913, 'ch4': 4, 'pressure': 1024, 'light': 667}
📡 [2026-04-18T03:38:27.468069] Published: {'temperature': 26.77, 'humidity': 77.55, 'co2': 666, 'ch4': 3, 'pressure': 999, 'light': 875}
📡 [2026-04-18T03:38:32.469159] Published: {'temperature': 24.9, 'humidity': 67.75, 'co2': 613, 'ch4': 4, 'pressure': 1004, 'light': 329}
📡 [2026-04-18T03:38:37.470100] Published: {'temperature': 28.71, 'humidity': 88.09, 'co2': 985, 'ch4': 2, 'pressure': 1001, 'light': 613}
📡 [2026-04-18T03:38:42.471117] Published: {'temperature': 26.32, 'humidity': 60.43, 'co2': 992, 'ch4': 9, 'pressure': 1004, 'light': 837}
📡 [2026-04-18T03:38:47.472568] Published: {'temperature': 26.72, 'humidity': 85.66, 'co2': 405, 'ch4': 6, 'pressure': 1012, 'light': 782}
📡 [2026-04-18T03:38:52.473465] Published: {'temperature': 29.15, 'humidity': 86.7, 'co2': 812, 'ch4': 5, 'pressure': 1004, 'light': 279}
📡 [2026-04-18T03:38:57.474579] Published: {'temperature': 25.61, 'humidity': 54.69, 'co2': 1061, 'ch4': 9, 'pressure': 1010, 'light': 190}
📡 [2026-04-18T03:39:02.475033] Published: {'temperature': 26.06, 'humidity': 59.36, 'co2': 1043, 'ch4': 8, 'pressure': 998, 'light': 539}
📡 [2026-04-18T03:39:07.475521] Published: {'temperature': 27.38, 'humidity': 62.11, 'co2': 921, 'ch4': 13, 'pressure': 999, 'light': 229}
📡 [2026-04-18T03:39:12.476331] Published: {'temperature': 24.56, 'humidity': 80.88, 'co2': 1077, 'ch4': 4, 'pressure': 1004, 'light': 337}
📡 [2026-04-18T03:39:17.477304] Published: {'temperature': 24.05, 'humidity': 55.75, 'co2': 1066, 'ch4': 10, 'pressure': 996, 'light': 132}
📡 [2026-04-18T03:39:22.478461] Published: {'temperature': 29.64, 'humidity': 75.47, 'co2': 784, 'ch4': 4, 'pressure': 995, 'light': 850}
📡 [2026-04-18T03:39:27.479143] Published: {'temperature': 29.94, 'humidity': 68.3, 'co2': 358, 'ch4': 6, 'pressure': 990, 'light': 981}
📡 [2026-04-18T03:39:32.480827] Published: {'temperature': 28.78, 'humidity': 74.72, 'co2': 621, 'ch4': 2, 'pressure': 994, 'light': 683}
📡 [2026-04-18T03:39:37.481467] Published: {'temperature': 26.53, 'humidity': 84.26, 'co2': 943, 'ch4': 2, 'pressure': 1000, 'light': 756}
📡 [2026-04-18T03:39:42.482967] Published: {'temperature': 29.67, 'humidity': 56.29, 'co2': 709, 'ch4': 2, 'pressure': 996, 'light': 794}
📡 [2026-04-18T03:39:47.483653] Published: {'temperature': 28.16, 'humidity': 54.66, 'co2': 1017, 'ch4': 12, 'pressure': 1016, 'light': 867}
📡 [2026-04-18T03:39:52.484838] Published: {'temperature': 29.56, 'humidity': 69.49, 'co2': 593, 'ch4': 8, 'pressure': 1020, 'light': 638}
📡 [2026-04-18T03:39:57.485686] Published: {'temperature': 29.27, 'humidity': 86.51, 'co2': 1065, 'ch4': 7, 'pressure': 1015, 'light': 954}
📡 [2026-04-18T03:40:02.486479] Published: {'temperature': 28.82, 'humidity': 62.71, 'co2': 975, 'ch4': 13, 'pressure': 1019, 'light': 895}
📡 [2026-04-18T03:40:07.487513] Published: {'temperature': 25.94, 'humidity': 72.79, 'co2': 640, 'ch4': 3, 'pressure': 994, 'light': 163}
📡 [2026-04-18T03:40:12.487915] Published: {'temperature': 27.71, 'humidity': 84.06, 'co2': 873, 'ch4': 2, 'pressure': 1004, 'light': 172}
📡 [2026-04-18T03:40:17.489274] Published: {'temperature': 29.51, 'humidity': 75.17, 'co2': 469, 'ch4': 11, 'pressure': 1000, 'light': 473}
📡 [2026-04-18T03:40:22.490654] Published: {'temperature': 25.09, 'humidity': 66.94, 'co2': 645, 'ch4': 1, 'pressure': 1013, 'light': 157}
📡 [2026-04-18T03:40:27.491105] Published: {'temperature': 24.65, 'humidity': 70.01, 'co2': 645, 'ch4': 13, 'pressure': 1020, 'light': 364}
📡 [2026-04-18T03:40:32.491492] Published: {'temperature': 24.27, 'humidity': 65.42, 'co2': 457, 'ch4': 7, 'pressure': 997, 'light': 332}
📡 [2026-04-18T03:40:37.492131] Published: {'temperature': 29.25, 'humidity': 85.0, 'co2': 448, 'ch4': 2, 'pressure': 997, 'light': 778}
📡 [2026-04-18T03:40:42.492525] Published: {'temperature': 26.93, 'humidity': 84.87, 'co2': 766, 'ch4': 12, 'pressure': 993, 'light': 531}
📡 [2026-04-18T03:40:47.493417] Published: {'temperature': 24.75, 'humidity': 83.04, 'co2': 522, 'ch4': 10, 'pressure': 992, 'light': 746}
📡 [2026-04-18T03:40:52.494336] Published: {'temperature': 25.78, 'humidity': 72.59, 'co2': 1049, 'ch4': 7, 'pressure': 1011, 'light': 426}
📡 [2026-04-18T03:40:57.494894] Published: {'temperature': 29.83, 'humidity': 80.81, 'co2': 834, 'ch4': 10, 'pressure': 998, 'light': 366}
📡 [2026-04-18T03:41:02.496199] Published: {'temperature': 28.01, 'humidity': 78.28, 'co2': 666, 'ch4': 5, 'pressure': 1021, 'light': 291}
📡 [2026-04-18T03:41:07.497190] Published: {'temperature': 28.3, 'humidity': 51.02, 'co2': 1028, 'ch4': 6, 'pressure': 1022, 'light': 678}
📡 [2026-04-18T03:41:12.497678] Published: {'temperature': 28.04, 'humidity': 72.6, 'co2': 707, 'ch4': 8, 'pressure': 990, 'light': 954}
📡 [2026-04-18T03:41:17.498610] Published: {'temperature': 28.2, 'humidity': 63.95, 'co2': 559, 'ch4': 10, 'pressure': 998, 'light': 100}
📡 [2026-04-18T03:41:22.499535] Published: {'temperature': 28.86, 'humidity': 50.43, 'co2': 758, 'ch4': 7, 'pressure': 1023, 'light': 161}
📡 [2026-04-18T03:41:27.500963] Published: {'temperature': 27.22, 'humidity': 65.23, 'co2': 1002, 'ch4': 12, 'pressure': 1018, 'light': 163}
📡 [2026-04-18T03:41:32.501558] Published: {'temperature': 29.83, 'humidity': 88.42, 'co2': 986, 'ch4': 3, 'pressure': 1015, 'light': 330}
📡 [2026-04-18T03:41:37.502621] Published: {'temperature': 26.86, 'humidity': 81.89, 'co2': 1068, 'ch4': 6, 'pressure': 1000, 'light': 606}
📡 [2026-04-18T03:41:42.503787] Published: {'temperature': 27.0, 'humidity': 70.58, 'co2': 992, 'ch4': 15, 'pressure': 1009, 'light': 266}
📡 [2026-04-18T03:41:47.504490] Published: {'temperature': 28.3, 'humidity': 58.26, 'co2': 937, 'ch4': 14, 'pressure': 999, 'light': 148}
📡 [2026-04-18T03:41:52.505607] Published: {'temperature': 29.93, 'humidity': 70.89, 'co2': 907, 'ch4': 2, 'pressure': 1008, 'light': 936}
📡 [2026-04-18T03:41:57.506948] Published: {'temperature': 27.14, 'humidity': 81.45, 'co2': 943, 'ch4': 14, 'pressure': 999, 'light': 203}
📡 [2026-04-18T03:42:02.507465] Published: {'temperature': 29.31, 'humidity': 88.49, 'co2': 620, 'ch4': 15, 'pressure': 1023, 'light': 416}
📡 [2026-04-18T03:42:07.508016] Published: {'temperature': 24.14, 'humidity': 71.73, 'co2': 937, 'ch4': 15, 'pressure': 1018, 'light': 726}
📡 [2026-04-18T03:42:12.508648] Published: {'temperature': 26.42, 'humidity': 64.37, 'co2': 952, 'ch4': 11, 'pressure': 1014, 'light': 594}
📡 [2026-04-18T03:42:17.509257] Published: {'temperature': 24.55, 'humidity': 85.08, 'co2': 817, 'ch4': 13, 'pressure': 998, 'light': 421}
📡 [2026-04-18T03:42:22.510083] Published: {'temperature': 28.05, 'humidity': 58.82, 'co2': 590, 'ch4': 1, 'pressure': 998, 'light': 642}
📡 [2026-04-18T03:42:27.510570] Published: {'temperature': 25.61, 'humidity': 84.24, 'co2': 516, 'ch4': 8, 'pressure': 1004, 'light': 532}
📡 [2026-04-18T03:42:32.511770] Published: {'temperature': 25.83, 'humidity': 50.73, 'co2': 660, 'ch4': 9, 'pressure': 1009, 'light': 627}
📡 [2026-04-18T03:42:37.513236] Published: {'temperature': 28.36, 'humidity': 59.73, 'co2': 770, 'ch4': 7, 'pressure': 1010, 'light': 181}
📡 [2026-04-18T03:42:42.514328] Published: {'temperature': 27.2, 'humidity': 76.51, 'co2': 525, 'ch4': 13, 'pressure': 1010, 'light': 209}
📡 [2026-04-18T03:42:47.515429] Published: {'temperature': 25.46, 'humidity': 66.89, 'co2': 775, 'ch4': 4, 'pressure': 996, 'light': 160}
📡 [2026-04-18T03:42:52.515810] Published: {'temperature': 27.26, 'humidity': 55.72, 'co2': 594, 'ch4': 4, 'pressure': 1011, 'light': 248}
📡 [2026-04-18T03:42:57.516228] Published: {'temperature': 28.24, 'humidity': 88.66, 'co2': 753, 'ch4': 13, 'pressure': 1023, 'light': 690}
📡 [2026-04-18T03:43:02.516927] Published: {'temperature': 29.84, 'humidity': 73.92, 'co2': 826, 'ch4': 12, 'pressure': 992, 'light': 327}
📡 [2026-04-18T03:43:07.517649] Published: {'temperature': 25.3, 'humidity': 86.95, 'co2': 853, 'ch4': 4, 'pressure': 1018, 'light': 206}
📡 [2026-04-18T03:43:12.518794] Published: {'temperature': 25.92, 'humidity': 72.25, 'co2': 847, 'ch4': 15, 'pressure': 1017, 'light': 469}
📡 [2026-04-18T03:43:17.519517] Published: {'temperature': 27.95, 'humidity': 61.67, 'co2': 600, 'ch4': 11, 'pressure': 1014, 'light': 907}
📡 [2026-04-18T03:43:22.520063] Published: {'temperature': 27.39, 'humidity': 76.48, 'co2': 410, 'ch4': 7, 'pressure': 1024, 'light': 496}
📡 [2026-04-18T03:43:27.521184] Published: {'temperature': 25.29, 'humidity': 83.81, 'co2': 831, 'ch4': 3, 'pressure': 1018, 'light': 225}
📡 [2026-04-18T03:43:32.522128] Published: {'temperature': 25.94, 'humidity': 77.41, 'co2': 997, 'ch4': 15, 'pressure': 991, 'light': 596}
📡 [2026-04-18T03:43:37.523304] Published: {'temperature': 26.5, 'humidity': 67.29, 'co2': 997, 'ch4': 8, 'pressure': 1016, 'light': 534}
📡 [2026-04-18T03:43:42.523674] Published: {'temperature': 27.72, 'humidity': 76.41, 'co2': 843, 'ch4': 1, 'pressure': 1015, 'light': 154}
📡 [2026-04-18T03:43:47.524701] Published: {'temperature': 24.33, 'humidity': 82.97, 'co2': 704, 'ch4': 6, 'pressure': 995, 'light': 723}
📡 [2026-04-18T03:43:52.525615] Published: {'temperature': 29.5, 'humidity': 66.62, 'co2': 869, 'ch4': 8, 'pressure': 1025, 'light': 949}
📡 [2026-04-18T03:43:57.526004] Published: {'temperature': 27.4, 'humidity': 85.85, 'co2': 737, 'ch4': 8, 'pressure': 1023, 'light': 565}
📡 [2026-04-18T03:44:02.526833] Published: {'temperature': 25.24, 'humidity': 76.94, 'co2': 383, 'ch4': 4, 'pressure': 1002, 'light': 546}
📡 [2026-04-18T03:44:07.527884] Published: {'temperature': 27.22, 'humidity': 78.7, 'co2': 366, 'ch4': 10, 'pressure': 1005, 'light': 557}
📡 [2026-04-18T03:44:12.528311] Published: {'temperature': 25.23, 'humidity': 79.29, 'co2': 406, 'ch4': 6, 'pressure': 1001, 'light': 772}
📡 [2026-04-18T03:44:17.528919] Published: {'temperature': 28.69, 'humidity': 69.42, 'co2': 1082, 'ch4': 12, 'pressure': 1013, 'light': 253}
📡 [2026-04-18T03:44:22.529424] Published: {'temperature': 27.75, 'humidity': 84.82, 'co2': 855, 'ch4': 14, 'pressure': 993, 'light': 645}
📡 [2026-04-18T03:44:27.529776] Published: {'temperature': 27.91, 'humidity': 72.96, 'co2': 936, 'ch4': 7, 'pressure': 1017, 'light': 753}
📡 [2026-04-18T03:44:32.530178] Published: {'temperature': 28.17, 'humidity': 82.32, 'co2': 789, 'ch4': 4, 'pressure': 1022, 'light': 708}
📡 [2026-04-18T03:44:37.530952] Published: {'temperature': 24.69, 'humidity': 60.07, 'co2': 726, 'ch4': 1, 'pressure': 1013, 'light': 865}
📡 [2026-04-18T03:44:42.531294] Published: {'temperature': 27.9, 'humidity': 62.24, 'co2': 674, 'ch4': 5, 'pressure': 993, 'light': 667}
📡 [2026-04-18T03:44:47.532007] Published: {'temperature': 24.26, 'humidity': 86.18, 'co2': 587, 'ch4': 14, 'pressure': 1003, 'light': 524}
📡 [2026-04-18T03:44:52.533152] Published: {'temperature': 29.65, 'humidity': 59.66, 'co2': 689, 'ch4': 3, 'pressure': 1011, 'light': 568}
📡 [2026-04-18T03:44:57.533916] Published: {'temperature': 24.15, 'humidity': 60.95, 'co2': 529, 'ch4': 14, 'pressure': 994, 'light': 658}
📡 [2026-04-18T03:45:02.534886] Published: {'temperature': 24.29, 'humidity': 68.62, 'co2': 930, 'ch4': 12, 'pressure': 1022, 'light': 115}
📡 [2026-04-18T03:45:07.535462] Published: {'temperature': 28.92, 'humidity': 78.45, 'co2': 513, 'ch4': 12, 'pressure': 993, 'light': 863}
📡 [2026-04-18T03:45:12.536595] Published: {'temperature': 28.46, 'humidity': 74.21, 'co2': 524, 'ch4': 13, 'pressure': 1024, 'light': 230}
📡 [2026-04-18T03:45:17.537114] Published: {'temperature': 28.4, 'humidity': 78.24, 'co2': 490, 'ch4': 6, 'pressure': 1003, 'light': 777}
📡 [2026-04-18T03:45:22.537992] Published: {'temperature': 29.59, 'humidity': 51.46, 'co2': 892, 'ch4': 15, 'pressure': 1002, 'light': 444}
📡 [2026-04-18T03:45:27.538357] Published: {'temperature': 29.53, 'humidity': 60.18, 'co2': 500, 'ch4': 11, 'pressure': 1021, 'light': 383}
📡 [2026-04-18T03:45:32.539053] Published: {'temperature': 24.64, 'humidity': 87.04, 'co2': 962, 'ch4': 2, 'pressure': 1007, 'light': 296}
📡 [2026-04-18T03:45:37.540104] Published: {'temperature': 24.16, 'humidity': 69.11, 'co2': 381, 'ch4': 5, 'pressure': 990, 'light': 900}
📡 [2026-04-18T03:45:42.541187] Published: {'temperature': 24.26, 'humidity': 79.41, 'co2': 512, 'ch4': 11, 'pressure': 1004, 'light': 175}
📡 [2026-04-18T03:45:47.541749] Published: {'temperature': 24.32, 'humidity': 67.23, 'co2': 390, 'ch4': 2, 'pressure': 995, 'light': 401}
📡 [2026-04-18T03:45:52.542830] Published: {'temperature': 25.93, 'humidity': 64.82, 'co2': 926, 'ch4': 15, 'pressure': 1023, 'light': 353}
📡 [2026-04-18T03:45:57.544022] Published: {'temperature': 24.15, 'humidity': 75.27, 'co2': 365, 'ch4': 12, 'pressure': 1016, 'light': 502}
📡 [2026-04-18T03:46:02.544586] Published: {'temperature': 29.68, 'humidity': 59.15, 'co2': 466, 'ch4': 12, 'pressure': 999, 'light': 408}
📡 [2026-04-18T03:46:07.545345] Published: {'temperature': 29.75, 'humidity': 60.9, 'co2': 810, 'ch4': 5, 'pressure': 1007, 'light': 243}
📡 [2026-04-18T03:46:12.545821] Published: {'temperature': 27.24, 'humidity': 65.97, 'co2': 743, 'ch4': 5, 'pressure': 1002, 'light': 930}
📡 [2026-04-18T03:46:17.546364] Published: {'temperature': 27.52, 'humidity': 84.04, 'co2': 996, 'ch4': 1, 'pressure': 1007, 'light': 189}
📡 [2026-04-18T03:46:22.546712] Published: {'temperature': 29.84, 'humidity': 51.88, 'co2': 540, 'ch4': 1, 'pressure': 992, 'light': 623}
📡 [2026-04-18T03:46:27.547325] Published: {'temperature': 24.08, 'humidity': 50.93, 'co2': 430, 'ch4': 5, 'pressure': 1023, 'light': 578}
📡 [2026-04-18T03:46:32.548044] Published: {'temperature': 24.68, 'humidity': 88.88, 'co2': 477, 'ch4': 13, 'pressure': 1021, 'light': 275}
📡 [2026-04-18T03:46:37.548849] Published: {'temperature': 27.19, 'humidity': 84.38, 'co2': 943, 'ch4': 9, 'pressure': 1023, 'light': 702}
📡 [2026-04-18T03:46:42.550119] Published: {'temperature': 25.84, 'humidity': 76.65, 'co2': 495, 'ch4': 6, 'pressure': 1019, 'light': 779}
📡 [2026-04-18T03:46:47.551053] Published: {'temperature': 28.11, 'humidity': 77.54, 'co2': 368, 'ch4': 9, 'pressure': 999, 'light': 784}
📡 [2026-04-18T03:46:52.552035] Published: {'temperature': 28.36, 'humidity': 73.21, 'co2': 938, 'ch4': 9, 'pressure': 1023, 'light': 610}
📡 [2026-04-18T03:46:57.553132] Published: {'temperature': 28.13, 'humidity': 85.21, 'co2': 677, 'ch4': 13, 'pressure': 994, 'light': 426}
📡 [2026-04-18T03:47:02.554315] Published: {'temperature': 26.68, 'humidity': 55.55, 'co2': 896, 'ch4': 1, 'pressure': 995, 'light': 792}
📡 [2026-04-18T03:47:07.555289] Published: {'temperature': 27.26, 'humidity': 57.43, 'co2': 886, 'ch4': 12, 'pressure': 1019, 'light': 633}
📡 [2026-04-18T03:47:12.556286] Published: {'temperature': 26.22, 'humidity': 64.17, 'co2': 1041, 'ch4': 8, 'pressure': 997, 'light': 499}
📡 [2026-04-18T03:47:17.557162] Published: {'temperature': 29.7, 'humidity': 77.72, 'co2': 613, 'ch4': 1, 'pressure': 1022, 'light': 490}
📡 [2026-04-18T03:47:22.557704] Published: {'temperature': 26.12, 'humidity': 64.82, 'co2': 619, 'ch4': 13, 'pressure': 1005, 'light': 797}
📡 [2026-04-18T03:47:27.558348] Published: {'temperature': 25.55, 'humidity': 87.85, 'co2': 930, 'ch4': 6, 'pressure': 1010, 'light': 495}
📡 [2026-04-18T03:47:32.559097] Published: {'temperature': 24.6, 'humidity': 50.54, 'co2': 1049, 'ch4': 7, 'pressure': 1018, 'light': 548}
📡 [2026-04-18T03:47:37.559968] Published: {'temperature': 27.69, 'humidity': 78.71, 'co2': 884, 'ch4': 2, 'pressure': 1018, 'light': 244}
📡 [2026-04-18T03:47:42.560385] Published: {'temperature': 28.17, 'humidity': 64.96, 'co2': 992, 'ch4': 12, 'pressure': 1016, 'light': 390}
📡 [2026-04-18T03:47:47.561302] Published: {'temperature': 29.84, 'humidity': 62.84, 'co2': 937, 'ch4': 4, 'pressure': 1009, 'light': 444}
📡 [2026-04-18T03:47:52.562387] Published: {'temperature': 29.98, 'humidity': 60.31, 'co2': 834, 'ch4': 10, 'pressure': 1022, 'light': 197}
📡 [2026-04-18T03:47:57.562920] Published: {'temperature': 24.03, 'humidity': 60.63, 'co2': 982, 'ch4': 9, 'pressure': 990, 'light': 712}
📡 [2026-04-18T03:48:02.563520] Published: {'temperature': 28.13, 'humidity': 76.49, 'co2': 492, 'ch4': 4, 'pressure': 1004, 'light': 455}
📡 [2026-04-18T03:48:07.564054] Published: {'temperature': 29.74, 'humidity': 72.34, 'co2': 976, 'ch4': 7, 'pressure': 1000, 'light': 490}
📡 [2026-04-18T03:48:12.564527] Published: {'temperature': 26.85, 'humidity': 80.38, 'co2': 959, 'ch4': 13, 'pressure': 1020, 'light': 737}
📡 [2026-04-18T03:48:17.565306] Published: {'temperature': 25.55, 'humidity': 61.63, 'co2': 678, 'ch4': 2, 'pressure': 1018, 'light': 965}
📡 [2026-04-18T03:48:22.566506] Published: {'temperature': 29.21, 'humidity': 84.73, 'co2': 1009, 'ch4': 6, 'pressure': 994, 'light': 561}
📡 [2026-04-18T03:48:27.566847] Published: {'temperature': 27.78, 'humidity': 75.48, 'co2': 621, 'ch4': 6, 'pressure': 1021, 'light': 482}
📡 [2026-04-18T03:48:32.567249] Published: {'temperature': 27.81, 'humidity': 82.21, 'co2': 977, 'ch4': 12, 'pressure': 997, 'light': 667}
📡 [2026-04-18T03:48:37.568455] Published: {'temperature': 25.25, 'humidity': 78.59, 'co2': 956, 'ch4': 7, 'pressure': 994, 'light': 887}
📡 [2026-04-18T03:48:42.569671] Published: {'temperature': 25.03, 'humidity': 81.78, 'co2': 1020, 'ch4': 10, 'pressure': 1006, 'light': 961}
📡 [2026-04-18T03:48:47.571363] Published: {'temperature': 28.66, 'humidity': 80.57, 'co2': 581, 'ch4': 13, 'pressure': 1014, 'light': 185}
📡 [2026-04-18T03:48:52.572516] Published: {'temperature': 27.3, 'humidity': 62.7, 'co2': 784, 'ch4': 3, 'pressure': 1004, 'light': 599}
📡 [2026-04-18T03:48:57.574299] Published: {'temperature': 26.79, 'humidity': 56.13, 'co2': 924, 'ch4': 10, 'pressure': 998, 'light': 252}
📡 [2026-04-18T03:49:02.575035] Published: {'temperature': 24.09, 'humidity': 50.09, 'co2': 378, 'ch4': 9, 'pressure': 1001, 'light': 429}
📡 [2026-04-18T03:49:07.576138] Published: {'temperature': 25.95, 'humidity': 72.79, 'co2': 991, 'ch4': 13, 'pressure': 993, 'light': 412}
📡 [2026-04-18T03:49:12.576558] Published: {'temperature': 29.2, 'humidity': 87.13, 'co2': 952, 'ch4': 15, 'pressure': 996, 'light': 340}
📡 [2026-04-18T03:49:17.577032] Published: {'temperature': 29.56, 'humidity': 62.3, 'co2': 1039, 'ch4': 12, 'pressure': 1017, 'light': 385}
📡 [2026-04-18T03:49:22.578073] Published: {'temperature': 27.93, 'humidity': 83.67, 'co2': 473, 'ch4': 8, 'pressure': 1003, 'light': 592}
📡 [2026-04-18T03:49:27.578423] Published: {'temperature': 24.27, 'humidity': 88.23, 'co2': 862, 'ch4': 15, 'pressure': 1021, 'light': 975}
📡 [2026-04-18T03:49:32.578894] Published: {'temperature': 25.29, 'humidity': 84.77, 'co2': 778, 'ch4': 1, 'pressure': 1011, 'light': 434}
📡 [2026-04-18T03:49:37.579920] Published: {'temperature': 27.91, 'humidity': 88.25, 'co2': 428, 'ch4': 8, 'pressure': 997, 'light': 361}
📡 [2026-04-18T03:49:42.581076] Published: {'temperature': 29.19, 'humidity': 79.77, 'co2': 685, 'ch4': 14, 'pressure': 1001, 'light': 853}
📡 [2026-04-18T03:49:47.582085] Published: {'temperature': 27.49, 'humidity': 58.89, 'co2': 792, 'ch4': 5, 'pressure': 996, 'light': 693}
📡 [2026-04-18T03:49:52.583007] Published: {'temperature': 29.56, 'humidity': 81.59, 'co2': 993, 'ch4': 11, 'pressure': 1008, 'light': 174}
📡 [2026-04-18T03:49:57.584062] Published: {'temperature': 26.59, 'humidity': 57.76, 'co2': 545, 'ch4': 9, 'pressure': 1005, 'light': 909}
📡 [2026-04-18T03:50:02.586437] Published: {'temperature': 24.75, 'humidity': 68.6, 'co2': 386, 'ch4': 9, 'pressure': 1020, 'light': 155}
📡 [2026-04-18T03:50:07.587116] Published: {'temperature': 29.65, 'humidity': 88.99, 'co2': 1009, 'ch4': 1, 'pressure': 1006, 'light': 288}
📡 [2026-04-18T03:50:12.587579] Published: {'temperature': 26.83, 'humidity': 65.12, 'co2': 822, 'ch4': 11, 'pressure': 997, 'light': 630}
📡 [2026-04-18T03:50:17.588910] Published: {'temperature': 28.8, 'humidity': 82.96, 'co2': 909, 'ch4': 9, 'pressure': 1003, 'light': 332}
📡 [2026-04-18T03:50:22.589408] Published: {'temperature': 26.18, 'humidity': 69.24, 'co2': 1018, 'ch4': 1, 'pressure': 1019, 'light': 376}
📡 [2026-04-18T03:50:27.590735] Published: {'temperature': 25.53, 'humidity': 61.61, 'co2': 602, 'ch4': 8, 'pressure': 1018, 'light': 951}
📡 [2026-04-18T03:50:32.591755] Published: {'temperature': 27.65, 'humidity': 86.03, 'co2': 721, 'ch4': 14, 'pressure': 992, 'light': 977}
📡 [2026-04-18T03:50:37.592673] Published: {'temperature': 26.03, 'humidity': 83.2, 'co2': 458, 'ch4': 6, 'pressure': 991, 'light': 874}
📡 [2026-04-18T03:50:42.593934] Published: {'temperature': 25.98, 'humidity': 56.99, 'co2': 633, 'ch4': 1, 'pressure': 1016, 'light': 936}
📡 [2026-04-18T03:50:47.595104] Published: {'temperature': 26.19, 'humidity': 76.18, 'co2': 757, 'ch4': 14, 'pressure': 1002, 'light': 748}
📡 [2026-04-18T03:50:52.596464] Published: {'temperature': 26.52, 'humidity': 80.18, 'co2': 564, 'ch4': 2, 'pressure': 1021, 'light': 701}
📡 [2026-04-18T03:50:57.597023] Published: {'temperature': 25.91, 'humidity': 71.45, 'co2': 1043, 'ch4': 14, 'pressure': 1018, 'light': 102}
📡 [2026-04-18T03:51:02.598275] Published: {'temperature': 29.46, 'humidity': 54.53, 'co2': 958, 'ch4': 13, 'pressure': 998, 'light': 678}
📡 [2026-04-18T03:51:07.599608] Published: {'temperature': 24.08, 'humidity': 76.55, 'co2': 782, 'ch4': 5, 'pressure': 1016, 'light': 753}
📡 [2026-04-18T03:51:12.600402] Published: {'temperature': 25.72, 'humidity': 82.29, 'co2': 737, 'ch4': 3, 'pressure': 1005, 'light': 215}
📡 [2026-04-18T03:51:17.601600] Published: {'temperature': 25.3, 'humidity': 65.1, 'co2': 381, 'ch4': 7, 'pressure': 990, 'light': 607}
📡 [2026-04-18T03:51:22.602624] Published: {'temperature': 24.82, 'humidity': 58.41, 'co2': 780, 'ch4': 4, 'pressure': 1015, 'light': 741}
📡 [2026-04-18T03:51:27.603588] Published: {'temperature': 28.27, 'humidity': 57.19, 'co2': 765, 'ch4': 5, 'pressure': 1001, 'light': 599}
📡 [2026-04-18T03:51:32.604071] Published: {'temperature': 29.91, 'humidity': 74.37, 'co2': 688, 'ch4': 3, 'pressure': 990, 'light': 903}
📡 [2026-04-18T03:51:37.604815] Published: {'temperature': 27.73, 'humidity': 85.21, 'co2': 696, 'ch4': 15, 'pressure': 1022, 'light': 817}
📡 [2026-04-18T03:51:42.605490] Published: {'temperature': 28.34, 'humidity': 73.46, 'co2': 1065, 'ch4': 2, 'pressure': 1021, 'light': 473}
📡 [2026-04-18T03:51:47.606487] Published: {'temperature': 29.38, 'humidity': 52.0, 'co2': 1072, 'ch4': 5, 'pressure': 1010, 'light': 877}
📡 [2026-04-18T03:51:52.607365] Published: {'temperature': 24.31, 'humidity': 81.79, 'co2': 1044, 'ch4': 1, 'pressure': 1018, 'light': 716}
📡 [2026-04-18T03:51:57.608232] Published: {'temperature': 25.51, 'humidity': 82.05, 'co2': 410, 'ch4': 8, 'pressure': 1008, 'light': 556}
📡 [2026-04-18T03:52:02.609104] Published: {'temperature': 25.53, 'humidity': 60.06, 'co2': 441, 'ch4': 14, 'pressure': 1014, 'light': 783}
📡 [2026-04-18T03:52:07.610286] Published: {'temperature': 24.49, 'humidity': 81.07, 'co2': 373, 'ch4': 9, 'pressure': 999, 'light': 475}
📡 [2026-04-18T03:52:12.611424] Published: {'temperature': 26.88, 'humidity': 69.64, 'co2': 703, 'ch4': 10, 'pressure': 1001, 'light': 183}
📡 [2026-04-18T03:52:17.612944] Published: {'temperature': 26.81, 'humidity': 84.76, 'co2': 524, 'ch4': 15, 'pressure': 1003, 'light': 597}
📡 [2026-04-18T03:52:22.614099] Published: {'temperature': 29.69, 'humidity': 61.18, 'co2': 529, 'ch4': 14, 'pressure': 995, 'light': 801}
📡 [2026-04-18T03:52:27.615220] Published: {'temperature': 26.82, 'humidity': 62.7, 'co2': 1004, 'ch4': 10, 'pressure': 997, 'light': 482}
📡 [2026-04-18T03:52:32.616430] Published: {'temperature': 26.04, 'humidity': 75.12, 'co2': 682, 'ch4': 2, 'pressure': 1003, 'light': 372}
📡 [2026-04-18T03:52:37.617750] Published: {'temperature': 24.47, 'humidity': 64.65, 'co2': 406, 'ch4': 10, 'pressure': 1023, 'light': 382}
📡 [2026-04-18T03:52:42.618329] Published: {'temperature': 27.4, 'humidity': 57.31, 'co2': 387, 'ch4': 7, 'pressure': 991, 'light': 831}
📡 [2026-04-18T03:52:47.619069] Published: {'temperature': 28.61, 'humidity': 78.28, 'co2': 796, 'ch4': 7, 'pressure': 1019, 'light': 782}
📡 [2026-04-18T03:52:52.619727] Published: {'temperature': 29.96, 'humidity': 68.13, 'co2': 999, 'ch4': 6, 'pressure': 997, 'light': 390}
📡 [2026-04-18T03:52:57.620628] Published: {'temperature': 25.17, 'humidity': 80.28, 'co2': 689, 'ch4': 2, 'pressure': 997, 'light': 773}
📡 [2026-04-18T03:53:02.621568] Published: {'temperature': 29.11, 'humidity': 56.85, 'co2': 761, 'ch4': 4, 'pressure': 1017, 'light': 586}
📡 [2026-04-18T03:53:07.621905] Published: {'temperature': 28.82, 'humidity': 70.25, 'co2': 485, 'ch4': 14, 'pressure': 1021, 'light': 368}
📡 [2026-04-18T03:53:12.622583] Published: {'temperature': 24.67, 'humidity': 61.03, 'co2': 384, 'ch4': 9, 'pressure': 992, 'light': 529}
📡 [2026-04-18T03:53:17.623515] Published: {'temperature': 24.95, 'humidity': 80.3, 'co2': 576, 'ch4': 7, 'pressure': 1015, 'light': 688}
📡 [2026-04-18T03:53:22.624523] Published: {'temperature': 26.03, 'humidity': 66.2, 'co2': 840, 'ch4': 7, 'pressure': 994, 'light': 688}
📡 [2026-04-18T03:53:27.624906] Published: {'temperature': 26.5, 'humidity': 86.7, 'co2': 1090, 'ch4': 14, 'pressure': 1011, 'light': 107}
📡 [2026-04-18T03:53:32.625813] Published: {'temperature': 26.16, 'humidity': 57.19, 'co2': 575, 'ch4': 9, 'pressure': 1008, 'light': 476}
📡 [2026-04-18T03:53:37.626257] Published: {'temperature': 27.34, 'humidity': 71.14, 'co2': 686, 'ch4': 9, 'pressure': 1022, 'light': 502}
📡 [2026-04-18T03:53:42.627612] Published: {'temperature': 28.55, 'humidity': 76.86, 'co2': 630, 'ch4': 15, 'pressure': 1022, 'light': 222}
📡 [2026-04-18T03:53:47.628698] Published: {'temperature': 29.24, 'humidity': 58.17, 'co2': 476, 'ch4': 6, 'pressure': 1022, 'light': 336}
📡 [2026-04-18T03:53:52.629718] Published: {'temperature': 26.26, 'humidity': 63.77, 'co2': 1055, 'ch4': 13, 'pressure': 1003, 'light': 584}
📡 [2026-04-18T03:53:57.630392] Published: {'temperature': 29.69, 'humidity': 51.81, 'co2': 902, 'ch4': 7, 'pressure': 1005, 'light': 771}
📡 [2026-04-18T03:54:02.631433] Published: {'temperature': 29.67, 'humidity': 65.34, 'co2': 828, 'ch4': 6, 'pressure': 1016, 'light': 954}
📡 [2026-04-18T03:54:07.632785] Published: {'temperature': 25.24, 'humidity': 53.64, 'co2': 939, 'ch4': 15, 'pressure': 1005, 'light': 735}
📡 [2026-04-18T03:54:12.633992] Published: {'temperature': 28.42, 'humidity': 62.46, 'co2': 700, 'ch4': 15, 'pressure': 998, 'light': 376}
📡 [2026-04-18T03:54:17.635027] Published: {'temperature': 27.96, 'humidity': 58.46, 'co2': 382, 'ch4': 12, 'pressure': 1003, 'light': 892}
📡 [2026-04-18T03:54:22.635549] Published: {'temperature': 27.04, 'humidity': 74.64, 'co2': 897, 'ch4': 8, 'pressure': 1014, 'light': 725}
📡 [2026-04-18T03:54:27.636910] Published: {'temperature': 26.43, 'humidity': 58.56, 'co2': 610, 'ch4': 15, 'pressure': 1013, 'light': 729}
📡 [2026-04-18T03:54:32.638417] Published: {'temperature': 29.18, 'humidity': 58.73, 'co2': 677, 'ch4': 9, 'pressure': 1008, 'light': 879}
📡 [2026-04-18T03:54:37.639817] Published: {'temperature': 24.69, 'humidity': 73.33, 'co2': 529, 'ch4': 12, 'pressure': 1021, 'light': 200}
📡 [2026-04-18T03:54:42.640685] Published: {'temperature': 28.63, 'humidity': 78.66, 'co2': 695, 'ch4': 6, 'pressure': 991, 'light': 835}
📡 [2026-04-18T03:54:47.641934] Published: {'temperature': 24.64, 'humidity': 87.3, 'co2': 476, 'ch4': 15, 'pressure': 1016, 'light': 565}
📡 [2026-04-18T03:54:52.642836] Published: {'temperature': 25.63, 'humidity': 72.06, 'co2': 633, 'ch4': 12, 'pressure': 1021, 'light': 965}
📡 [2026-04-18T03:54:57.643753] Published: {'temperature': 28.14, 'humidity': 56.68, 'co2': 547, 'ch4': 10, 'pressure': 998, 'light': 887}
📡 [2026-04-18T03:55:02.644247] Published: {'temperature': 25.57, 'humidity': 76.99, 'co2': 871, 'ch4': 5, 'pressure': 997, 'light': 290}
📡 [2026-04-18T03:55:07.645483] Published: {'temperature': 28.44, 'humidity': 70.9, 'co2': 384, 'ch4': 4, 'pressure': 1001, 'light': 245}
📡 [2026-04-18T03:55:12.646421] Published: {'temperature': 24.92, 'humidity': 76.05, 'co2': 400, 'ch4': 2, 'pressure': 994, 'light': 942}
📡 [2026-04-18T03:55:17.647353] Published: {'temperature': 26.29, 'humidity': 87.28, 'co2': 514, 'ch4': 12, 'pressure': 1001, 'light': 437}
📡 [2026-04-18T03:55:22.647679] Published: {'temperature': 28.37, 'humidity': 60.25, 'co2': 681, 'ch4': 4, 'pressure': 1002, 'light': 916}
📡 [2026-04-18T03:55:27.648175] Published: {'temperature': 28.59, 'humidity': 53.73, 'co2': 430, 'ch4': 4, 'pressure': 1001, 'light': 809}
📡 [2026-04-18T03:55:32.648698] Published: {'temperature': 29.84, 'humidity': 84.44, 'co2': 657, 'ch4': 4, 'pressure': 1002, 'light': 325}
📡 [2026-04-18T03:55:37.649110] Published: {'temperature': 25.41, 'humidity': 64.31, 'co2': 422, 'ch4': 12, 'pressure': 1006, 'light': 459}
📡 [2026-04-18T03:55:42.650648] Published: {'temperature': 27.21, 'humidity': 63.07, 'co2': 854, 'ch4': 3, 'pressure': 1022, 'light': 982}
📡 [2026-04-18T03:55:47.651465] Published: {'temperature': 26.0, 'humidity': 76.78, 'co2': 616, 'ch4': 15, 'pressure': 1008, 'light': 943}
📡 [2026-04-18T03:55:52.652297] Published: {'temperature': 29.42, 'humidity': 51.83, 'co2': 516, 'ch4': 9, 'pressure': 1001, 'light': 690}
📡 [2026-04-18T03:55:57.652799] Published: {'temperature': 24.14, 'humidity': 62.99, 'co2': 394, 'ch4': 14, 'pressure': 997, 'light': 590}
📡 [2026-04-18T03:56:02.654277] Published: {'temperature': 25.97, 'humidity': 89.07, 'co2': 694, 'ch4': 10, 'pressure': 1003, 'light': 143}
📡 [2026-04-18T03:56:07.655378] Published: {'temperature': 26.3, 'humidity': 76.25, 'co2': 471, 'ch4': 4, 'pressure': 1023, 'light': 950}
📡 [2026-04-18T03:56:12.656458] Published: {'temperature': 26.38, 'humidity': 75.54, 'co2': 442, 'ch4': 6, 'pressure': 991, 'light': 609}
📡 [2026-04-18T03:56:17.657810] Published: {'temperature': 25.09, 'humidity': 61.22, 'co2': 853, 'ch4': 13, 'pressure': 992, 'light': 713}
📡 [2026-04-18T03:56:22.659154] Published: {'temperature': 27.31, 'humidity': 71.92, 'co2': 659, 'ch4': 15, 'pressure': 1023, 'light': 485}
📡 [2026-04-18T03:56:27.660378] Published: {'temperature': 29.02, 'humidity': 59.92, 'co2': 940, 'ch4': 8, 'pressure': 1020, 'light': 943}
📡 [2026-04-18T03:56:32.661628] Published: {'temperature': 27.95, 'humidity': 88.33, 'co2': 910, 'ch4': 11, 'pressure': 1008, 'light': 368}
📡 [2026-04-18T03:56:37.662385] Published: {'temperature': 24.3, 'humidity': 51.28, 'co2': 657, 'ch4': 4, 'pressure': 1023, 'light': 833}
📡 [2026-04-18T03:56:42.662929] Published: {'temperature': 27.16, 'humidity': 86.85, 'co2': 580, 'ch4': 12, 'pressure': 1001, 'light': 1000}
📡 [2026-04-18T03:56:47.663571] Published: {'temperature': 28.87, 'humidity': 59.17, 'co2': 890, 'ch4': 13, 'pressure': 1009, 'light': 559}
📡 [2026-04-18T03:56:52.664586] Published: {'temperature': 26.37, 'humidity': 65.46, 'co2': 412, 'ch4': 1, 'pressure': 1010, 'light': 265}
📡 [2026-04-18T03:56:57.665950] Published: {'temperature': 28.4, 'humidity': 53.08, 'co2': 777, 'ch4': 15, 'pressure': 993, 'light': 504}
📡 [2026-04-18T03:57:02.666838] Published: {'temperature': 29.68, 'humidity': 59.13, 'co2': 549, 'ch4': 14, 'pressure': 1003, 'light': 171}
📡 [2026-04-18T03:57:07.667190] Published: {'temperature': 25.22, 'humidity': 80.17, 'co2': 1074, 'ch4': 6, 'pressure': 1021, 'light': 680}
📡 [2026-04-18T03:57:12.667656] Published: {'temperature': 26.19, 'humidity': 75.9, 'co2': 735, 'ch4': 6, 'pressure': 997, 'light': 889}
📡 [2026-04-18T03:57:17.668021] Published: {'temperature': 28.26, 'humidity': 88.52, 'co2': 795, 'ch4': 4, 'pressure': 1023, 'light': 624}
📡 [2026-04-18T03:57:22.668407] Published: {'temperature': 29.47, 'humidity': 50.2, 'co2': 381, 'ch4': 1, 'pressure': 992, 'light': 436}
📡 [2026-04-18T03:57:27.669640] Published: {'temperature': 28.85, 'humidity': 78.1, 'co2': 432, 'ch4': 2, 'pressure': 1008, 'light': 503}
📡 [2026-04-18T03:57:32.671214] Published: {'temperature': 25.69, 'humidity': 73.09, 'co2': 619, 'ch4': 9, 'pressure': 1013, 'light': 149}
📡 [2026-04-18T03:57:37.675353] Published: {'temperature': 25.08, 'humidity': 60.59, 'co2': 964, 'ch4': 15, 'pressure': 1003, 'light': 107}
📡 [2026-04-18T03:57:42.676702] Published: {'temperature': 26.06, 'humidity': 56.49, 'co2': 430, 'ch4': 7, 'pressure': 1022, 'light': 139}
📡 [2026-04-18T03:57:47.678117] Published: {'temperature': 24.88, 'humidity': 71.82, 'co2': 445, 'ch4': 10, 'pressure': 1001, 'light': 792}
📡 [2026-04-18T03:57:52.679020] Published: {'temperature': 25.32, 'humidity': 80.33, 'co2': 438, 'ch4': 11, 'pressure': 1011, 'light': 307}
📡 [2026-04-18T03:57:57.679532] Published: {'temperature': 29.39, 'humidity': 68.8, 'co2': 713, 'ch4': 14, 'pressure': 1013, 'light': 657}
📡 [2026-04-18T03:58:02.681020] Published: {'temperature': 25.36, 'humidity': 74.32, 'co2': 450, 'ch4': 11, 'pressure': 994, 'light': 313}
📡 [2026-04-18T03:58:07.682855] Published: {'temperature': 28.5, 'humidity': 87.07, 'co2': 840, 'ch4': 11, 'pressure': 1008, 'light': 434}
📡 [2026-04-18T03:58:12.683876] Published: {'temperature': 27.48, 'humidity': 81.41, 'co2': 790, 'ch4': 8, 'pressure': 992, 'light': 673}
📡 [2026-04-18T03:58:17.684937] Published: {'temperature': 29.75, 'humidity': 79.11, 'co2': 748, 'ch4': 13, 'pressure': 991, 'light': 658}
📡 [2026-04-18T03:58:22.686332] Published: {'temperature': 27.38, 'humidity': 64.38, 'co2': 514, 'ch4': 7, 'pressure': 1008, 'light': 812}
📡 [2026-04-18T03:58:27.687526] Published: {'temperature': 28.3, 'humidity': 60.56, 'co2': 731, 'ch4': 2, 'pressure': 1016, 'light': 259}
📡 [2026-04-18T03:58:32.688722] Published: {'temperature': 26.03, 'humidity': 50.48, 'co2': 793, 'ch4': 2, 'pressure': 1020, 'light': 717}
📡 [2026-04-18T03:58:37.689902] Published: {'temperature': 29.92, 'humidity': 78.63, 'co2': 610, 'ch4': 3, 'pressure': 1006, 'light': 164}
📡 [2026-04-18T03:58:42.690461] Published: {'temperature': 24.09, 'humidity': 70.68, 'co2': 1024, 'ch4': 5, 'pressure': 1004, 'light': 607}
📡 [2026-04-18T03:58:47.691466] Published: {'temperature': 27.6, 'humidity': 54.17, 'co2': 395, 'ch4': 8, 'pressure': 1011, 'light': 396}
📡 [2026-04-18T03:58:52.692479] Published: {'temperature': 24.23, 'humidity': 59.36, 'co2': 495, 'ch4': 15, 'pressure': 1019, 'light': 821}
📡 [2026-04-18T03:58:57.693701] Published: {'temperature': 26.62, 'humidity': 82.05, 'co2': 549, 'ch4': 12, 'pressure': 1013, 'light': 672}
📡 [2026-04-18T03:59:02.694680] Published: {'temperature': 27.0, 'humidity': 73.38, 'co2': 661, 'ch4': 5, 'pressure': 998, 'light': 281}
📡 [2026-04-18T03:59:07.695133] Published: {'temperature': 26.63, 'humidity': 71.81, 'co2': 651, 'ch4': 9, 'pressure': 991, 'light': 764}
📡 [2026-04-18T03:59:12.695533] Published: {'temperature': 24.42, 'humidity': 59.33, 'co2': 949, 'ch4': 11, 'pressure': 1012, 'light': 563}
📡 [2026-04-18T03:59:17.696088] Published: {'temperature': 25.76, 'humidity': 58.42, 'co2': 939, 'ch4': 13, 'pressure': 990, 'light': 554}
📡 [2026-04-18T03:59:22.696481] Published: {'temperature': 27.72, 'humidity': 87.29, 'co2': 694, 'ch4': 4, 'pressure': 997, 'light': 238}
📡 [2026-04-18T03:59:27.696864] Published: {'temperature': 28.77, 'humidity': 59.01, 'co2': 1040, 'ch4': 4, 'pressure': 1023, 'light': 237}
📡 [2026-04-18T03:59:32.697354] Published: {'temperature': 28.85, 'humidity': 67.18, 'co2': 649, 'ch4': 2, 'pressure': 1007, 'light': 457}
📡 [2026-04-18T03:59:37.697963] Published: {'temperature': 29.78, 'humidity': 60.89, 'co2': 664, 'ch4': 11, 'pressure': 1018, 'light': 649}
📡 [2026-04-18T03:59:42.698971] Published: {'temperature': 29.11, 'humidity': 66.91, 'co2': 381, 'ch4': 11, 'pressure': 993, 'light': 247}
📡 [2026-04-18T03:59:47.700086] Published: {'temperature': 27.89, 'humidity': 84.38, 'co2': 1093, 'ch4': 6, 'pressure': 1019, 'light': 100}
📡 [2026-04-18T03:59:52.701149] Published: {'temperature': 26.88, 'humidity': 57.53, 'co2': 647, 'ch4': 8, 'pressure': 996, 'light': 196}
📡 [2026-04-18T03:59:57.701495] Published: {'temperature': 26.76, 'humidity': 68.77, 'co2': 797, 'ch4': 11, 'pressure': 1021, 'light': 958}
📡 [2026-04-18T04:00:02.702208] Published: {'temperature': 29.68, 'humidity': 50.86, 'co2': 691, 'ch4': 12, 'pressure': 1016, 'light': 970}
📡 [2026-04-18T04:00:07.702533] Published: {'temperature': 27.29, 'humidity': 74.25, 'co2': 518, 'ch4': 11, 'pressure': 993, 'light': 926}
📡 [2026-04-18T04:00:12.703510] Published: {'temperature': 25.16, 'humidity': 65.25, 'co2': 375, 'ch4': 13, 'pressure': 1001, 'light': 223}
📡 [2026-04-18T04:00:17.704015] Published: {'temperature': 27.68, 'humidity': 86.75, 'co2': 711, 'ch4': 3, 'pressure': 1001, 'light': 301}
📡 [2026-04-18T04:00:22.704684] Published: {'temperature': 26.43, 'humidity': 80.92, 'co2': 1065, 'ch4': 2, 'pressure': 997, 'light': 922}
📡 [2026-04-18T04:00:27.705163] Published: {'temperature': 24.69, 'humidity': 56.3, 'co2': 915, 'ch4': 2, 'pressure': 1020, 'light': 742}
📡 [2026-04-18T04:00:32.705746] Published: {'temperature': 26.56, 'humidity': 87.99, 'co2': 579, 'ch4': 11, 'pressure': 994, 'light': 328}
📡 [2026-04-18T04:00:37.706386] Published: {'temperature': 26.51, 'humidity': 89.26, 'co2': 804, 'ch4': 10, 'pressure': 1017, 'light': 902}
📡 [2026-04-18T04:00:42.706984] Published: {'temperature': 25.32, 'humidity': 57.68, 'co2': 531, 'ch4': 3, 'pressure': 1008, 'light': 244}
📡 [2026-04-18T04:00:47.707540] Published: {'temperature': 26.88, 'humidity': 58.14, 'co2': 946, 'ch4': 1, 'pressure': 994, 'light': 559}
📡 [2026-04-18T04:00:52.708329] Published: {'temperature': 27.49, 'humidity': 83.17, 'co2': 531, 'ch4': 13, 'pressure': 990, 'light': 651}
📡 [2026-04-18T04:00:57.708782] Published: {'temperature': 27.66, 'humidity': 50.96, 'co2': 855, 'ch4': 11, 'pressure': 1025, 'light': 690}
📡 [2026-04-18T04:01:02.709601] Published: {'temperature': 29.39, 'humidity': 57.53, 'co2': 591, 'ch4': 7, 'pressure': 1013, 'light': 916}
📡 [2026-04-18T04:01:07.709928] Published: {'temperature': 28.78, 'humidity': 87.82, 'co2': 607, 'ch4': 12, 'pressure': 1010, 'light': 324}
📡 [2026-04-18T04:01:12.710459] Published: {'temperature': 25.18, 'humidity': 86.51, 'co2': 834, 'ch4': 10, 'pressure': 993, 'light': 764}
📡 [2026-04-18T04:01:17.711046] Published: {'temperature': 29.89, 'humidity': 51.35, 'co2': 780, 'ch4': 15, 'pressure': 1024, 'light': 522}
📡 [2026-04-18T04:01:22.711786] Published: {'temperature': 25.91, 'humidity': 66.33, 'co2': 797, 'ch4': 10, 'pressure': 991, 'light': 951}
📡 [2026-04-18T04:01:27.712105] Published: {'temperature': 28.28, 'humidity': 51.17, 'co2': 996, 'ch4': 3, 'pressure': 1013, 'light': 425}
📡 [2026-04-18T04:01:32.713151] Published: {'temperature': 27.96, 'humidity': 55.07, 'co2': 430, 'ch4': 7, 'pressure': 1004, 'light': 949}
📡 [2026-04-18T04:01:37.714516] Published: {'temperature': 24.21, 'humidity': 80.0, 'co2': 949, 'ch4': 5, 'pressure': 1001, 'light': 318}
📡 [2026-04-18T04:01:42.715306] Published: {'temperature': 25.45, 'humidity': 53.1, 'co2': 1059, 'ch4': 4, 'pressure': 1001, 'light': 521}
📡 [2026-04-18T04:01:47.716122] Published: {'temperature': 25.42, 'humidity': 84.86, 'co2': 1014, 'ch4': 12, 'pressure': 996, 'light': 667}
📡 [2026-04-18T04:01:52.717283] Published: {'temperature': 27.13, 'humidity': 59.63, 'co2': 938, 'ch4': 5, 'pressure': 1017, 'light': 298}
📡 [2026-04-18T04:01:57.718416] Published: {'temperature': 25.72, 'humidity': 79.12, 'co2': 867, 'ch4': 4, 'pressure': 990, 'light': 822}
📡 [2026-04-18T04:02:02.719486] Published: {'temperature': 28.27, 'humidity': 60.89, 'co2': 400, 'ch4': 1, 'pressure': 1007, 'light': 896}
📡 [2026-04-18T04:02:07.720461] Published: {'temperature': 25.35, 'humidity': 75.71, 'co2': 1068, 'ch4': 1, 'pressure': 999, 'light': 655}
📡 [2026-04-18T04:02:12.722211] Published: {'temperature': 24.35, 'humidity': 51.29, 'co2': 1078, 'ch4': 12, 'pressure': 993, 'light': 186}
📡 [2026-04-18T04:02:17.723243] Published: {'temperature': 29.81, 'humidity': 80.56, 'co2': 950, 'ch4': 14, 'pressure': 1004, 'light': 987}
📡 [2026-04-18T04:02:22.724352] Published: {'temperature': 27.54, 'humidity': 68.69, 'co2': 1089, 'ch4': 14, 'pressure': 1022, 'light': 821}
📡 [2026-04-18T04:02:27.725805] Published: {'temperature': 24.31, 'humidity': 67.16, 'co2': 955, 'ch4': 1, 'pressure': 1003, 'light': 615}
📡 [2026-04-18T04:02:32.726948] Published: {'temperature': 27.9, 'humidity': 73.63, 'co2': 395, 'ch4': 7, 'pressure': 1003, 'light': 462}
📡 [2026-04-18T04:02:37.728294] Published: {'temperature': 25.31, 'humidity': 80.47, 'co2': 418, 'ch4': 13, 'pressure': 1025, 'light': 330}
📡 [2026-04-18T04:02:42.729682] Published: {'temperature': 29.83, 'humidity': 60.72, 'co2': 660, 'ch4': 11, 'pressure': 1016, 'light': 488}
📡 [2026-04-18T04:02:47.730831] Published: {'temperature': 26.99, 'humidity': 59.94, 'co2': 843, 'ch4': 11, 'pressure': 1022, 'light': 189}
📡 [2026-04-18T04:02:52.732016] Published: {'temperature': 27.84, 'humidity': 89.65, 'co2': 872, 'ch4': 10, 'pressure': 1007, 'light': 297}
📡 [2026-04-18T04:02:57.732393] Published: {'temperature': 24.55, 'humidity': 58.34, 'co2': 531, 'ch4': 14, 'pressure': 990, 'light': 430}
📡 [2026-04-18T04:03:02.733512] Published: {'temperature': 28.41, 'humidity': 84.13, 'co2': 412, 'ch4': 4, 'pressure': 998, 'light': 686}
📡 [2026-04-18T04:03:07.735090] Published: {'temperature': 28.19, 'humidity': 50.68, 'co2': 978, 'ch4': 4, 'pressure': 1007, 'light': 106}
📡 [2026-04-18T04:03:12.736216] Published: {'temperature': 29.25, 'humidity': 60.73, 'co2': 773, 'ch4': 13, 'pressure': 1011, 'light': 950}
📡 [2026-04-18T04:03:17.737257] Published: {'temperature': 24.85, 'humidity': 51.74, 'co2': 600, 'ch4': 3, 'pressure': 1013, 'light': 837}
📡 [2026-04-18T04:03:22.738410] Published: {'temperature': 28.46, 'humidity': 73.42, 'co2': 942, 'ch4': 11, 'pressure': 1024, 'light': 175}
📡 [2026-04-18T04:03:27.739772] Published: {'temperature': 29.62, 'humidity': 82.42, 'co2': 803, 'ch4': 15, 'pressure': 1002, 'light': 751}
📡 [2026-04-18T04:03:32.741327] Published: {'temperature': 26.79, 'humidity': 83.99, 'co2': 928, 'ch4': 9, 'pressure': 990, 'light': 240}
📡 [2026-04-18T04:03:37.742895] Published: {'temperature': 27.35, 'humidity': 51.69, 'co2': 411, 'ch4': 3, 'pressure': 995, 'light': 368}
📡 [2026-04-18T04:03:42.744244] Published: {'temperature': 27.04, 'humidity': 55.18, 'co2': 782, 'ch4': 4, 'pressure': 1000, 'light': 121}
📡 [2026-04-18T04:03:47.745200] Published: {'temperature': 25.86, 'humidity': 76.74, 'co2': 771, 'ch4': 10, 'pressure': 1011, 'light': 409}
📡 [2026-04-18T04:03:52.746364] Published: {'temperature': 29.32, 'humidity': 88.73, 'co2': 604, 'ch4': 6, 'pressure': 1023, 'light': 111}
📡 [2026-04-18T04:03:57.746776] Published: {'temperature': 29.82, 'humidity': 69.41, 'co2': 1011, 'ch4': 6, 'pressure': 999, 'light': 176}
📡 [2026-04-18T04:04:02.748162] Published: {'temperature': 24.45, 'humidity': 88.5, 'co2': 1069, 'ch4': 15, 'pressure': 994, 'light': 924}
📡 [2026-04-18T04:04:07.748927] Published: {'temperature': 27.86, 'humidity': 54.14, 'co2': 814, 'ch4': 5, 'pressure': 1024, 'light': 534}
📡 [2026-04-18T04:04:12.749512] Published: {'temperature': 24.75, 'humidity': 82.33, 'co2': 412, 'ch4': 1, 'pressure': 1008, 'light': 786}
📡 [2026-04-18T04:04:17.750201] Published: {'temperature': 27.73, 'humidity': 64.36, 'co2': 1085, 'ch4': 15, 'pressure': 1005, 'light': 188}
📡 [2026-04-18T04:04:22.751009] Published: {'temperature': 25.29, 'humidity': 73.26, 'co2': 753, 'ch4': 12, 'pressure': 1015, 'light': 992}
📡 [2026-04-18T04:04:27.751520] Published: {'temperature': 29.52, 'humidity': 81.75, 'co2': 967, 'ch4': 11, 'pressure': 996, 'light': 849}
📡 [2026-04-18T04:04:32.752887] Published: {'temperature': 24.86, 'humidity': 64.08, 'co2': 903, 'ch4': 4, 'pressure': 1009, 'light': 660}
📡 [2026-04-18T04:04:37.754034] Published: {'temperature': 29.67, 'humidity': 62.0, 'co2': 966, 'ch4': 4, 'pressure': 1011, 'light': 949}
📡 [2026-04-18T04:04:42.755112] Published: {'temperature': 24.14, 'humidity': 54.3, 'co2': 770, 'ch4': 11, 'pressure': 994, 'light': 970}
📡 [2026-04-18T04:04:47.756136] Published: {'temperature': 29.37, 'humidity': 59.21, 'co2': 857, 'ch4': 3, 'pressure': 1014, 'light': 441}
📡 [2026-04-18T04:04:52.757094] Published: {'temperature': 26.45, 'humidity': 79.02, 'co2': 866, 'ch4': 1, 'pressure': 996, 'light': 522}
📡 [2026-04-18T04:04:57.758115] Published: {'temperature': 26.19, 'humidity': 60.98, 'co2': 927, 'ch4': 4, 'pressure': 1000, 'light': 855}
📡 [2026-04-18T04:05:02.759844] Published: {'temperature': 28.43, 'humidity': 65.12, 'co2': 931, 'ch4': 7, 'pressure': 1020, 'light': 796}
📡 [2026-04-18T04:05:07.760996] Published: {'temperature': 26.99, 'humidity': 81.71, 'co2': 885, 'ch4': 13, 'pressure': 1020, 'light': 434}
📡 [2026-04-18T04:05:12.762060] Published: {'temperature': 24.16, 'humidity': 56.64, 'co2': 416, 'ch4': 10, 'pressure': 1018, 'light': 159}
📡 [2026-04-18T04:05:17.763499] Published: {'temperature': 26.46, 'humidity': 87.98, 'co2': 608, 'ch4': 6, 'pressure': 991, 'light': 146}
📡 [2026-04-18T04:05:22.764662] Published: {'temperature': 28.16, 'humidity': 87.54, 'co2': 916, 'ch4': 9, 'pressure': 1019, 'light': 727}
📡 [2026-04-18T04:05:27.765740] Published: {'temperature': 24.9, 'humidity': 70.81, 'co2': 854, 'ch4': 11, 'pressure': 1016, 'light': 571}
📡 [2026-04-18T04:05:32.766902] Published: {'temperature': 24.28, 'humidity': 81.42, 'co2': 713, 'ch4': 2, 'pressure': 998, 'light': 441}
📡 [2026-04-18T04:05:37.767966] Published: {'temperature': 27.75, 'humidity': 81.98, 'co2': 855, 'ch4': 12, 'pressure': 1011, 'light': 741}
📡 [2026-04-18T04:05:42.769162] Published: {'temperature': 24.46, 'humidity': 65.89, 'co2': 1042, 'ch4': 14, 'pressure': 1017, 'light': 468}
📡 [2026-04-18T04:05:47.770147] Published: {'temperature': 29.8, 'humidity': 89.0, 'co2': 519, 'ch4': 2, 'pressure': 997, 'light': 333}
📡 [2026-04-18T04:05:52.771225] Published: {'temperature': 26.41, 'humidity': 69.96, 'co2': 554, 'ch4': 11, 'pressure': 1008, 'light': 206}
📡 [2026-04-18T04:05:57.772199] Published: {'temperature': 24.58, 'humidity': 84.64, 'co2': 995, 'ch4': 6, 'pressure': 1010, 'light': 942}
📡 [2026-04-18T04:06:02.773023] Published: {'temperature': 28.54, 'humidity': 87.69, 'co2': 685, 'ch4': 7, 'pressure': 998, 'light': 692}
📡 [2026-04-18T04:06:07.773719] Published: {'temperature': 27.13, 'humidity': 89.28, 'co2': 522, 'ch4': 11, 'pressure': 1022, 'light': 530}
📡 [2026-04-18T04:06:12.774621] Published: {'temperature': 27.47, 'humidity': 51.61, 'co2': 887, 'ch4': 13, 'pressure': 1018, 'light': 856}
📡 [2026-04-18T04:06:17.775202] Published: {'temperature': 25.24, 'humidity': 54.66, 'co2': 798, 'ch4': 2, 'pressure': 1013, 'light': 363}
📡 [2026-04-18T04:06:22.775967] Published: {'temperature': 24.33, 'humidity': 80.44, 'co2': 1060, 'ch4': 11, 'pressure': 1014, 'light': 241}
📡 [2026-04-18T04:06:27.776874] Published: {'temperature': 28.2, 'humidity': 51.36, 'co2': 1059, 'ch4': 1, 'pressure': 1025, 'light': 642}
📡 [2026-04-18T04:06:32.777868] Published: {'temperature': 27.07, 'humidity': 74.0, 'co2': 476, 'ch4': 11, 'pressure': 992, 'light': 429}
📡 [2026-04-18T04:06:37.778838] Published: {'temperature': 27.63, 'humidity': 55.52, 'co2': 592, 'ch4': 3, 'pressure': 1024, 'light': 623}
📡 [2026-04-18T04:06:42.779537] Published: {'temperature': 24.27, 'humidity': 58.79, 'co2': 660, 'ch4': 6, 'pressure': 1017, 'light': 146}
📡 [2026-04-18T04:06:47.780512] Published: {'temperature': 24.82, 'humidity': 60.41, 'co2': 477, 'ch4': 3, 'pressure': 997, 'light': 857}
📡 [2026-04-18T04:06:52.781110] Published: {'temperature': 25.2, 'humidity': 68.94, 'co2': 945, 'ch4': 8, 'pressure': 991, 'light': 960}
📡 [2026-04-18T04:06:57.782065] Published: {'temperature': 26.37, 'humidity': 84.59, 'co2': 887, 'ch4': 14, 'pressure': 991, 'light': 854}
📡 [2026-04-18T04:07:02.782976] Published: {'temperature': 26.44, 'humidity': 76.8, 'co2': 925, 'ch4': 3, 'pressure': 1023, 'light': 766}
📡 [2026-04-18T04:07:07.783620] Published: {'temperature': 29.49, 'humidity': 85.87, 'co2': 1097, 'ch4': 13, 'pressure': 1003, 'light': 469}
📡 [2026-04-18T04:07:12.784964] Published: {'temperature': 26.32, 'humidity': 52.6, 'co2': 999, 'ch4': 1, 'pressure': 1018, 'light': 801}
📡 [2026-04-18T04:07:17.785584] Published: {'temperature': 28.22, 'humidity': 52.96, 'co2': 667, 'ch4': 10, 'pressure': 1014, 'light': 346}
📡 [2026-04-18T04:07:22.786043] Published: {'temperature': 26.32, 'humidity': 55.24, 'co2': 617, 'ch4': 6, 'pressure': 1019, 'light': 373}
📡 [2026-04-18T04:07:27.787282] Published: {'temperature': 29.38, 'humidity': 51.51, 'co2': 727, 'ch4': 3, 'pressure': 997, 'light': 161}
📡 [2026-04-18T04:07:32.788054] Published: {'temperature': 25.86, 'humidity': 72.38, 'co2': 886, 'ch4': 3, 'pressure': 1002, 'light': 151}
📡 [2026-04-18T04:07:37.788510] Published: {'temperature': 25.98, 'humidity': 52.63, 'co2': 645, 'ch4': 10, 'pressure': 1016, 'light': 145}
📡 [2026-04-18T04:07:42.789096] Published: {'temperature': 25.05, 'humidity': 69.96, 'co2': 602, 'ch4': 2, 'pressure': 1013, 'light': 910}
📡 [2026-04-18T04:07:47.789848] Published: {'temperature': 29.78, 'humidity': 56.64, 'co2': 951, 'ch4': 4, 'pressure': 1002, 'light': 772}
📡 [2026-04-18T04:07:52.790732] Published: {'temperature': 28.16, 'humidity': 56.41, 'co2': 996, 'ch4': 11, 'pressure': 1020, 'light': 336}
📡 [2026-04-18T04:07:57.791460] Published: {'temperature': 28.05, 'humidity': 52.63, 'co2': 876, 'ch4': 5, 'pressure': 1006, 'light': 189}
📡 [2026-04-18T04:08:02.792061] Published: {'temperature': 25.21, 'humidity': 60.49, 'co2': 1037, 'ch4': 3, 'pressure': 1023, 'light': 182}
📡 [2026-04-18T04:08:07.792609] Published: {'temperature': 29.48, 'humidity': 87.91, 'co2': 557, 'ch4': 2, 'pressure': 992, 'light': 191}
📡 [2026-04-18T04:08:12.793859] Published: {'temperature': 25.44, 'humidity': 75.91, 'co2': 463, 'ch4': 14, 'pressure': 1019, 'light': 897}
📡 [2026-04-18T04:08:17.794614] Published: {'temperature': 29.28, 'humidity': 58.51, 'co2': 1020, 'ch4': 14, 'pressure': 1023, 'light': 777}
📡 [2026-04-18T04:08:22.796286] Published: {'temperature': 28.28, 'humidity': 61.3, 'co2': 1046, 'ch4': 6, 'pressure': 1020, 'light': 113}
📡 [2026-04-18T04:08:27.797288] Published: {'temperature': 26.48, 'humidity': 61.72, 'co2': 629, 'ch4': 9, 'pressure': 993, 'light': 857}
📡 [2026-04-18T04:08:32.798487] Published: {'temperature': 25.14, 'humidity': 50.81, 'co2': 582, 'ch4': 8, 'pressure': 1024, 'light': 221}
📡 [2026-04-18T04:08:37.799414] Published: {'temperature': 29.06, 'humidity': 51.77, 'co2': 556, 'ch4': 7, 'pressure': 1023, 'light': 847}
📡 [2026-04-18T04:08:42.799821] Published: {'temperature': 28.43, 'humidity': 78.83, 'co2': 354, 'ch4': 7, 'pressure': 1004, 'light': 790}
📡 [2026-04-18T04:08:47.800468] Published: {'temperature': 24.05, 'humidity': 69.18, 'co2': 449, 'ch4': 7, 'pressure': 1013, 'light': 934}
📡 [2026-04-18T04:08:52.801152] Published: {'temperature': 28.62, 'humidity': 64.37, 'co2': 406, 'ch4': 6, 'pressure': 997, 'light': 738}
📡 [2026-04-18T04:08:57.801753] Published: {'temperature': 24.98, 'humidity': 69.75, 'co2': 690, 'ch4': 8, 'pressure': 1009, 'light': 708}
📡 [2026-04-18T04:09:02.802281] Published: {'temperature': 29.25, 'humidity': 69.13, 'co2': 685, 'ch4': 12, 'pressure': 998, 'light': 784}
📡 [2026-04-18T04:09:07.804480] Published: {'temperature': 26.69, 'humidity': 82.48, 'co2': 499, 'ch4': 7, 'pressure': 1011, 'light': 796}
📡 [2026-04-18T04:09:12.805461] Published: {'temperature': 25.82, 'humidity': 66.37, 'co2': 550, 'ch4': 6, 'pressure': 1006, 'light': 534}
📡 [2026-04-18T04:09:17.806762] Published: {'temperature': 27.94, 'humidity': 56.81, 'co2': 466, 'ch4': 9, 'pressure': 1016, 'light': 660}
📡 [2026-04-18T04:09:22.808002] Published: {'temperature': 25.41, 'humidity': 68.54, 'co2': 621, 'ch4': 9, 'pressure': 1010, 'light': 302}
📡 [2026-04-18T04:09:27.808751] Published: {'temperature': 29.46, 'humidity': 75.78, 'co2': 503, 'ch4': 12, 'pressure': 1004, 'light': 654}
📡 [2026-04-18T04:09:32.809133] Published: {'temperature': 29.59, 'humidity': 56.38, 'co2': 661, 'ch4': 13, 'pressure': 1019, 'light': 804}
📡 [2026-04-18T04:09:37.810265] Published: {'temperature': 25.09, 'humidity': 62.98, 'co2': 881, 'ch4': 5, 'pressure': 997, 'light': 758}
📡 [2026-04-18T04:09:42.810971] Published: {'temperature': 26.92, 'humidity': 72.6, 'co2': 533, 'ch4': 6, 'pressure': 1012, 'light': 863}
📡 [2026-04-18T04:09:47.811486] Published: {'temperature': 25.47, 'humidity': 71.19, 'co2': 632, 'ch4': 11, 'pressure': 1011, 'light': 366}
📡 [2026-04-18T04:09:52.812104] Published: {'temperature': 25.33, 'humidity': 80.96, 'co2': 524, 'ch4': 8, 'pressure': 1023, 'light': 358}
📡 [2026-04-18T04:09:57.812732] Published: {'temperature': 26.8, 'humidity': 52.12, 'co2': 962, 'ch4': 5, 'pressure': 990, 'light': 322}
📡 [2026-04-18T04:10:02.813064] Published: {'temperature': 26.74, 'humidity': 72.21, 'co2': 740, 'ch4': 14, 'pressure': 1019, 'light': 224}
📡 [2026-04-18T04:10:07.814207] Published: {'temperature': 26.3, 'humidity': 86.86, 'co2': 623, 'ch4': 3, 'pressure': 994, 'light': 202}
📡 [2026-04-18T04:10:12.814768] Published: {'temperature': 25.7, 'humidity': 58.86, 'co2': 430, 'ch4': 6, 'pressure': 1022, 'light': 370}
📡 [2026-04-18T04:10:17.815161] Published: {'temperature': 24.63, 'humidity': 88.07, 'co2': 479, 'ch4': 7, 'pressure': 997, 'light': 633}
📡 [2026-04-18T04:10:22.816526] Published: {'temperature': 26.99, 'humidity': 74.95, 'co2': 379, 'ch4': 8, 'pressure': 1012, 'light': 514}
📡 [2026-04-18T04:10:27.817200] Published: {'temperature': 25.59, 'humidity': 71.66, 'co2': 357, 'ch4': 9, 'pressure': 998, 'light': 718}
📡 [2026-04-18T04:10:32.817698] Published: {'temperature': 29.84, 'humidity': 89.41, 'co2': 732, 'ch4': 8, 'pressure': 1009, 'light': 383}
📡 [2026-04-18T04:10:37.818711] Published: {'temperature': 26.6, 'humidity': 58.15, 'co2': 427, 'ch4': 8, 'pressure': 1012, 'light': 812}
📡 [2026-04-18T04:10:42.819620] Published: {'temperature': 24.94, 'humidity': 52.8, 'co2': 743, 'ch4': 1, 'pressure': 1022, 'light': 188}
📡 [2026-04-18T04:10:47.820265] Published: {'temperature': 26.8, 'humidity': 55.73, 'co2': 615, 'ch4': 11, 'pressure': 1009, 'light': 271}
📡 [2026-04-18T04:10:52.821756] Published: {'temperature': 27.65, 'humidity': 61.7, 'co2': 746, 'ch4': 10, 'pressure': 1016, 'light': 839}
📡 [2026-04-18T04:10:57.822795] Published: {'temperature': 24.51, 'humidity': 54.55, 'co2': 671, 'ch4': 8, 'pressure': 1023, 'light': 498}
📡 [2026-04-18T04:11:02.823318] Published: {'temperature': 27.16, 'humidity': 56.89, 'co2': 496, 'ch4': 4, 'pressure': 1013, 'light': 591}
📡 [2026-04-18T04:11:07.824191] Published: {'temperature': 25.93, 'humidity': 51.79, 'co2': 627, 'ch4': 12, 'pressure': 1007, 'light': 705}
📡 [2026-04-18T04:11:12.824845] Published: {'temperature': 27.01, 'humidity': 81.72, 'co2': 678, 'ch4': 11, 'pressure': 1019, 'light': 273}
📡 [2026-04-18T04:11:17.825337] Published: {'temperature': 24.44, 'humidity': 87.57, 'co2': 366, 'ch4': 15, 'pressure': 1021, 'light': 573}
📡 [2026-04-18T04:11:22.826103] Published: {'temperature': 25.53, 'humidity': 64.06, 'co2': 868, 'ch4': 14, 'pressure': 1002, 'light': 641}
📡 [2026-04-18T04:11:27.826928] Published: {'temperature': 25.57, 'humidity': 54.87, 'co2': 1044, 'ch4': 13, 'pressure': 1022, 'light': 659}
📡 [2026-04-18T04:11:32.827487] Published: {'temperature': 24.19, 'humidity': 87.26, 'co2': 1055, 'ch4': 10, 'pressure': 1016, 'light': 743}
📡 [2026-04-18T04:11:37.828559] Published: {'temperature': 29.76, 'humidity': 57.51, 'co2': 917, 'ch4': 3, 'pressure': 1011, 'light': 865}
📡 [2026-04-18T04:11:42.829659] Published: {'temperature': 29.78, 'humidity': 76.87, 'co2': 822, 'ch4': 9, 'pressure': 992, 'light': 155}
📡 [2026-04-18T04:11:47.830389] Published: {'temperature': 29.04, 'humidity': 72.31, 'co2': 423, 'ch4': 1, 'pressure': 1025, 'light': 147}
📡 [2026-04-18T04:11:52.831632] Published: {'temperature': 28.52, 'humidity': 53.78, 'co2': 953, 'ch4': 14, 'pressure': 1008, 'light': 166}
📡 [2026-04-18T04:11:57.832616] Published: {'temperature': 28.18, 'humidity': 61.84, 'co2': 779, 'ch4': 7, 'pressure': 1007, 'light': 459}
📡 [2026-04-18T04:12:02.833715] Published: {'temperature': 27.27, 'humidity': 66.18, 'co2': 478, 'ch4': 15, 'pressure': 995, 'light': 523}
📡 [2026-04-18T04:12:07.834366] Published: {'temperature': 25.4, 'humidity': 53.1, 'co2': 898, 'ch4': 4, 'pressure': 1005, 'light': 357}
📡 [2026-04-18T04:12:12.835294] Published: {'temperature': 28.23, 'humidity': 66.81, 'co2': 448, 'ch4': 15, 'pressure': 1010, 'light': 814}
📡 [2026-04-18T04:12:17.836068] Published: {'temperature': 24.37, 'humidity': 72.99, 'co2': 468, 'ch4': 3, 'pressure': 1009, 'light': 628}
📡 [2026-04-18T04:12:22.836841] Published: {'temperature': 24.18, 'humidity': 55.29, 'co2': 1083, 'ch4': 8, 'pressure': 1005, 'light': 882}
📡 [2026-04-18T04:12:27.837810] Published: {'temperature': 26.85, 'humidity': 51.33, 'co2': 489, 'ch4': 6, 'pressure': 994, 'light': 893}
📡 [2026-04-18T04:12:32.839083] Published: {'temperature': 28.62, 'humidity': 68.83, 'co2': 473, 'ch4': 1, 'pressure': 997, 'light': 836}
📡 [2026-04-18T04:12:37.840544] Published: {'temperature': 28.96, 'humidity': 65.48, 'co2': 439, 'ch4': 5, 'pressure': 1013, 'light': 843}
📡 [2026-04-18T04:12:42.841010] Published: {'temperature': 29.1, 'humidity': 77.85, 'co2': 621, 'ch4': 11, 'pressure': 998, 'light': 599}
📡 [2026-04-18T04:12:47.841620] Published: {'temperature': 24.12, 'humidity': 52.02, 'co2': 607, 'ch4': 10, 'pressure': 992, 'light': 513}
📡 [2026-04-18T04:12:52.842125] Published: {'temperature': 29.91, 'humidity': 76.79, 'co2': 1051, 'ch4': 13, 'pressure': 1017, 'light': 975}
📡 [2026-04-18T04:12:57.842871] Published: {'temperature': 28.76, 'humidity': 68.02, 'co2': 601, 'ch4': 8, 'pressure': 1004, 'light': 525}
📡 [2026-04-18T04:13:02.843886] Published: {'temperature': 28.57, 'humidity': 51.47, 'co2': 674, 'ch4': 3, 'pressure': 1023, 'light': 909}
📡 [2026-04-18T04:13:07.845003] Published: {'temperature': 25.46, 'humidity': 59.07, 'co2': 859, 'ch4': 15, 'pressure': 1007, 'light': 952}
📡 [2026-04-18T04:13:12.846008] Published: {'temperature': 26.17, 'humidity': 56.85, 'co2': 592, 'ch4': 3, 'pressure': 1013, 'light': 188}
📡 [2026-04-18T04:13:17.846737] Published: {'temperature': 24.26, 'humidity': 59.5, 'co2': 426, 'ch4': 9, 'pressure': 1018, 'light': 204}
📡 [2026-04-18T04:13:22.847335] Published: {'temperature': 27.82, 'humidity': 57.14, 'co2': 1091, 'ch4': 7, 'pressure': 1011, 'light': 511}
📡 [2026-04-18T04:13:27.848069] Published: {'temperature': 25.52, 'humidity': 55.57, 'co2': 380, 'ch4': 10, 'pressure': 991, 'light': 164}
📡 [2026-04-18T04:13:32.849305] Published: {'temperature': 26.04, 'humidity': 64.59, 'co2': 800, 'ch4': 2, 'pressure': 1001, 'light': 487}
📡 [2026-04-18T04:13:37.850027] Published: {'temperature': 26.11, 'humidity': 84.35, 'co2': 792, 'ch4': 12, 'pressure': 990, 'light': 617}
📡 [2026-04-18T04:13:42.851024] Published: {'temperature': 27.8, 'humidity': 75.11, 'co2': 955, 'ch4': 1, 'pressure': 1018, 'light': 168}
📡 [2026-04-18T04:13:47.851678] Published: {'temperature': 25.26, 'humidity': 57.05, 'co2': 559, 'ch4': 1, 'pressure': 1018, 'light': 237}
📡 [2026-04-18T04:13:52.852355] Published: {'temperature': 26.23, 'humidity': 67.48, 'co2': 564, 'ch4': 11, 'pressure': 1018, 'light': 962}
📡 [2026-04-18T04:13:57.853143] Published: {'temperature': 24.79, 'humidity': 55.7, 'co2': 979, 'ch4': 1, 'pressure': 993, 'light': 592}
📡 [2026-04-18T04:14:02.853838] Published: {'temperature': 26.55, 'humidity': 71.36, 'co2': 523, 'ch4': 10, 'pressure': 992, 'light': 453}
📡 [2026-04-18T04:14:07.854917] Published: {'temperature': 24.75, 'humidity': 67.4, 'co2': 1059, 'ch4': 8, 'pressure': 993, 'light': 838}
📡 [2026-04-18T04:14:12.855706] Published: {'temperature': 29.69, 'humidity': 84.25, 'co2': 985, 'ch4': 3, 'pressure': 1010, 'light': 680}
📡 [2026-04-18T04:14:17.856480] Published: {'temperature': 24.9, 'humidity': 51.98, 'co2': 832, 'ch4': 7, 'pressure': 1002, 'light': 338}
📡 [2026-04-18T04:14:22.857094] Published: {'temperature': 24.22, 'humidity': 53.02, 'co2': 1072, 'ch4': 12, 'pressure': 997, 'light': 705}
📡 [2026-04-18T04:14:27.857817] Published: {'temperature': 26.03, 'humidity': 68.35, 'co2': 984, 'ch4': 2, 'pressure': 1020, 'light': 785}
📡 [2026-04-18T04:14:32.858425] Published: {'temperature': 26.3, 'humidity': 69.24, 'co2': 1085, 'ch4': 3, 'pressure': 1011, 'light': 999}
📡 [2026-04-18T04:14:37.859394] Published: {'temperature': 27.9, 'humidity': 87.22, 'co2': 765, 'ch4': 1, 'pressure': 1014, 'light': 238}
📡 [2026-04-18T04:14:42.860118] Published: {'temperature': 24.2, 'humidity': 61.97, 'co2': 632, 'ch4': 9, 'pressure': 1003, 'light': 373}
📡 [2026-04-18T04:14:47.860873] Published: {'temperature': 25.57, 'humidity': 86.05, 'co2': 793, 'ch4': 3, 'pressure': 1024, 'light': 842}
📡 [2026-04-18T04:14:52.861429] Published: {'temperature': 29.84, 'humidity': 59.64, 'co2': 530, 'ch4': 2, 'pressure': 990, 'light': 463}
📡 [2026-04-18T04:14:57.862096] Published: {'temperature': 29.8, 'humidity': 76.18, 'co2': 624, 'ch4': 12, 'pressure': 1025, 'light': 695}
📡 [2026-04-18T04:15:02.862811] Published: {'temperature': 24.25, 'humidity': 87.74, 'co2': 415, 'ch4': 13, 'pressure': 1009, 'light': 339}
📡 [2026-04-18T04:15:07.864121] Published: {'temperature': 27.86, 'humidity': 88.77, 'co2': 391, 'ch4': 5, 'pressure': 998, 'light': 951}
📡 [2026-04-18T04:15:12.865161] Published: {'temperature': 27.44, 'humidity': 78.36, 'co2': 768, 'ch4': 5, 'pressure': 1021, 'light': 636}
📡 [2026-04-18T04:15:17.866084] Published: {'temperature': 25.49, 'humidity': 56.29, 'co2': 578, 'ch4': 4, 'pressure': 1000, 'light': 524}
📡 [2026-04-18T04:15:22.866837] Published: {'temperature': 28.46, 'humidity': 82.7, 'co2': 631, 'ch4': 4, 'pressure': 992, 'light': 536}
📡 [2026-04-18T04:15:27.867490] Published: {'temperature': 24.89, 'humidity': 58.19, 'co2': 424, 'ch4': 3, 'pressure': 995, 'light': 514}
📡 [2026-04-18T04:15:32.868205] Published: {'temperature': 25.53, 'humidity': 74.45, 'co2': 469, 'ch4': 11, 'pressure': 1017, 'light': 959}
📡 [2026-04-18T04:15:37.869209] Published: {'temperature': 24.02, 'humidity': 85.45, 'co2': 644, 'ch4': 14, 'pressure': 1003, 'light': 541}
📡 [2026-04-18T04:15:42.869554] Published: {'temperature': 27.71, 'humidity': 81.55, 'co2': 534, 'ch4': 10, 'pressure': 1003, 'light': 986}
📡 [2026-04-18T04:15:47.869900] Published: {'temperature': 29.42, 'humidity': 79.77, 'co2': 880, 'ch4': 9, 'pressure': 992, 'light': 758}
📡 [2026-04-18T04:15:52.870593] Published: {'temperature': 28.49, 'humidity': 60.74, 'co2': 815, 'ch4': 12, 'pressure': 1003, 'light': 882}
📡 [2026-04-18T04:15:57.871753] Published: {'temperature': 28.27, 'humidity': 61.24, 'co2': 946, 'ch4': 1, 'pressure': 991, 'light': 265}
📡 [2026-04-18T04:16:02.872083] Published: {'temperature': 29.26, 'humidity': 64.16, 'co2': 625, 'ch4': 5, 'pressure': 1024, 'light': 529}
📡 [2026-04-18T04:16:07.872529] Published: {'temperature': 28.48, 'humidity': 54.28, 'co2': 976, 'ch4': 1, 'pressure': 1016, 'light': 924}
📡 [2026-04-18T04:16:12.873436] Published: {'temperature': 24.65, 'humidity': 89.64, 'co2': 690, 'ch4': 10, 'pressure': 998, 'light': 732}
📡 [2026-04-18T04:16:17.874125] Published: {'temperature': 29.67, 'humidity': 70.38, 'co2': 695, 'ch4': 8, 'pressure': 997, 'light': 638}
📡 [2026-04-18T04:16:22.874883] Published: {'temperature': 27.26, 'humidity': 63.1, 'co2': 360, 'ch4': 13, 'pressure': 999, 'light': 999}
📡 [2026-04-18T04:16:27.875854] Published: {'temperature': 25.16, 'humidity': 59.13, 'co2': 937, 'ch4': 2, 'pressure': 1023, 'light': 880}
📡 [2026-04-18T04:16:32.876220] Published: {'temperature': 25.7, 'humidity': 81.28, 'co2': 744, 'ch4': 10, 'pressure': 1010, 'light': 364}
📡 [2026-04-18T04:16:37.877390] Published: {'temperature': 27.5, 'humidity': 77.15, 'co2': 390, 'ch4': 9, 'pressure': 1014, 'light': 103}
📡 [2026-04-18T04:16:42.877837] Published: {'temperature': 25.88, 'humidity': 80.2, 'co2': 846, 'ch4': 10, 'pressure': 1023, 'light': 769}
📡 [2026-04-18T04:16:47.878519] Published: {'temperature': 26.21, 'humidity': 53.36, 'co2': 975, 'ch4': 1, 'pressure': 995, 'light': 258}
📡 [2026-04-18T04:16:52.879643] Published: {'temperature': 24.7, 'humidity': 50.73, 'co2': 602, 'ch4': 2, 'pressure': 1014, 'light': 507}
📡 [2026-04-18T04:16:57.880219] Published: {'temperature': 26.78, 'humidity': 69.02, 'co2': 873, 'ch4': 12, 'pressure': 1015, 'light': 601}
📡 [2026-04-18T04:17:02.880844] Published: {'temperature': 29.94, 'humidity': 61.23, 'co2': 638, 'ch4': 3, 'pressure': 1009, 'light': 575}
📡 [2026-04-18T04:17:07.881608] Published: {'temperature': 24.94, 'humidity': 85.18, 'co2': 974, 'ch4': 5, 'pressure': 999, 'light': 628}
📡 [2026-04-18T04:17:12.882078] Published: {'temperature': 25.4, 'humidity': 81.79, 'co2': 1072, 'ch4': 4, 'pressure': 1010, 'light': 211}
📡 [2026-04-18T04:17:17.882748] Published: {'temperature': 25.96, 'humidity': 70.96, 'co2': 545, 'ch4': 13, 'pressure': 997, 'light': 220}
📡 [2026-04-18T04:17:22.884210] Published: {'temperature': 26.34, 'humidity': 67.54, 'co2': 492, 'ch4': 9, 'pressure': 1021, 'light': 182}
📡 [2026-04-18T04:17:27.884779] Published: {'temperature': 25.84, 'humidity': 84.77, 'co2': 947, 'ch4': 8, 'pressure': 998, 'light': 278}
📡 [2026-04-18T04:17:32.885132] Published: {'temperature': 24.29, 'humidity': 87.62, 'co2': 373, 'ch4': 9, 'pressure': 1008, 'light': 427}
📡 [2026-04-18T04:17:37.885804] Published: {'temperature': 29.64, 'humidity': 88.82, 'co2': 585, 'ch4': 5, 'pressure': 1024, 'light': 419}
📡 [2026-04-18T04:17:42.886331] Published: {'temperature': 24.85, 'humidity': 73.5, 'co2': 814, 'ch4': 4, 'pressure': 1025, 'light': 498}
📡 [2026-04-18T04:17:47.888148] Published: {'temperature': 27.7, 'humidity': 75.27, 'co2': 440, 'ch4': 11, 'pressure': 1020, 'light': 265}
📡 [2026-04-18T04:17:52.889060] Published: {'temperature': 27.31, 'humidity': 59.15, 'co2': 928, 'ch4': 5, 'pressure': 1012, 'light': 990}
📡 [2026-04-18T04:17:57.890027] Published: {'temperature': 24.72, 'humidity': 60.71, 'co2': 548, 'ch4': 8, 'pressure': 990, 'light': 202}
📡 [2026-04-18T04:18:02.890867] Published: {'temperature': 29.73, 'humidity': 69.03, 'co2': 409, 'ch4': 15, 'pressure': 991, 'light': 164}
📡 [2026-04-18T04:18:07.892192] Published: {'temperature': 28.15, 'humidity': 55.28, 'co2': 483, 'ch4': 12, 'pressure': 1017, 'light': 365}